,0
0,154.0
1,40.0
2,33.0
3,25.0
4,5.0
5,74.0
6,194.0
7,192.0
8,144.0
9,156.0
10,178.0
11,168.0
12,170.0
13,194.0
14,257.0
15,344.0
16,354.0
17,316.0
18,339.0
19,373.0
20,346.0
21,357.0
22,428.0
23,383.0
24,186.0
25,58.0
26,60.0
27,52.0
28,37.0
29,118.0
30,236.0
31,281.0
32,242.0
33,212.0
34,197.0
35,186.0
36,236.0
37,311.0
38,348.0
39,362.0
40,359.0
41,344.0
42,355.0
43,393.0
44,386.0
45,369.0
46,404.0
47,429.0
48,294.0
49,86.0
50,18.0
51,26.0
52,32.0
53,127.0
54,252.0
55,229.0
56,133.0
57,146.0
58,215.0
59,209.0
60,194.0
61,244.0
62,299.0
63,358.0
64,368.0
65,276.0
66,270.0
67,390.0
68,436.0
69,387.0
70,369.0
71,338.0
72,189.0
73,54.0
74,63.0
75,79.0
76,24.0
77,53.0
78,166.0
79,213.0
80,179.0
81,146.0
82,153.0
83,167.0
84,174.0
85,207.0
86,274.0
87,338.0
88,334.0
89,278.0
90,300.0
91,344.0
92,287.0
93,268.0
94,360.0
95,368.0
96,205.0
97,58.0
98,42.0
99,32.0
100,5.0
101,61.0
102,151.0
103,149.0
104,120.0
105,142.0
106,140.0
107,98.0
108,106.0
109,185.0
110,257.0
111,318.0
112,351.0
113,301.0
114,269.0
115,303.0
116,318.0
117,303.0
118,303.0
119,263.0
120,137.0
121,32.0
122,27.0
123,32.0
124,23.0
125,70.0
126,126.0
127,127.0
128,126.0
129,142.0
130,122.0
131,87.0
132,126.0
133,199.0
134,213.0
135,249.0
136,330.0
137,315.0
138,237.0
139,239.0
140,286.0
141,320.0
142,378.0
143,402.0
144,281.0
145,102.0
146,32.0
147,14.0
148,13.0
149,85.0
150,130.0
151,95.0
152,107.0
153,150.0
154,133.0
155,118.0
156,160.0
157,209.0
158,258.0
159,341.0
160,370.0
161,298.0
162,296.0
163,376.0
164,416.0
165,440.0
166,428.0
167,318.0
168,176.0
169,78.0
170,31.0
171,10.0
172,27.0
173,96.0
174,148.0
175,153.0
176,148.0
177,147.0
178,151.0
179,143.0
180,152.0
181,209.0
182,274.0
183,323.0
184,343.0
185,313.0
186,284.0
187,294.0
188,300.0
189,294.0
190,310.0
191,298.0
192,184.0
193,54.0
194,23.0
195,22.0
196,8.0
197,54.0
198,123.0
199,127.0
200,108.0
201,125.0
202,131.0
203,113.0
204,137.0
205,190.0
206,230.0
207,284.0
208,325.0
209,281.0
210,219.0
211,204.0
212,188.0
213,172.0
214,180.0
215,159.0
216,90.0
217,53.0
218,76.0
219,90.0
220,74.0
221,88.0
222,102.0
223,90.0
224,92.0
225,114.0
226,116.0
227,109.0
228,125.0
229,168.0
230,223.0
231,278.0
232,303.0
233,260.0
234,232.0
235,271.0
236,265.0
237,222.0
238,228.0
239,236.0
240,165.0
241,56.0
242,20.0
243,27.0
244,20.0
245,60.0
246,140.0
247,138.0
248,95.0
249,115.0
250,145.0
251,125.0
252,128.0
253,192.0
254,244.0
255,271.0
256,322.0
257,327.0
258,285.0
259,315.0
260,362.0
261,345.0
262,311.0
263,277.0
264,194.0
265,93.0
266,29.0
267,9.0
268,10.0
269,63.0
270,144.0
271,165.0
272,136.0
273,145.0
274,164.0
275,148.0
276,154.0
277,215.0
278,268.0
279,302.0
280,369.0
281,382.0
282,298.0
283,247.0
284,277.0
285,296.0
286,284.0
287,253.0
288,159.0
289,55.0
290,24.0
291,38.0
292,35.0
293,46.0
294,91.0
295,115.0
296,110.0
297,117.0
298,128.0
299,140.0
300,173.0
301,214.0
302,244.0
303,290.0
304,329.0
305,319.0
306,293.0
307,281.0
308,249.0
309,228.0
310,295.0
311,311.0
312,167.0
313,29.0
314,17.0
315,23.0
316,10.0
317,52.0
318,100.0
319,94.0
320,110.0
321,152.0
322,139.0
323,114.0
324,156.0
325,201.0
326,229.0
327,300.0
328,369.0
329,339.0
330,299.0
331,336.0
332,340.0
333,330.0
334,345.0
335,303.0
336,181.0
337,80.0
338,52.0
339,27.0
340,15.0
341,91.0
342,168.0
343,130.0
344,96.0
345,140.0
346,149.0
347,124.0
348,186.0
349,291.0
350,315.0
351,348.0
352,418.0
353,357.0
354,293.0
355,395.0
356,418.0
357,295.0
358,287.0
359,385.0
360,326.0
361,162.0
362,63.0
363,24.0
364,11.0
365,77.0
366,162.0
367,174.0
368,151.0
369,160.0
370,171.0
371,162.0
372,175.0
373,212.0
374,226.0
375,259.0
376,338.0
377,357.0
378,276.0
379,226.0
380,264.0
381,313.0
382,340.0
383,347.0
384,301.0
385,181.0
386,65.0
387,18.0
388,22.0
389,60.0
390,120.0
391,137.0
392,98.0
393,89.0
394,111.0
395,101.0
396,112.0
397,182.0
398,232.0
399,233.0
400,281.0
401,309.0
402,242.0
403,224.0
404,279.0
405,246.0
406,198.0
407,226.0
408,195.0
409,59.0
410,5.0
411,9.0
412,12.0
413,60.0
414,136.0
415,122.0
416,81.0
417,101.0
418,108.0
419,86.0
420,112.0
421,153.0
422,187.0
423,273.0
424,329.0
425,265.0
426,198.0
427,235.0
428,278.0
429,272.0
430,258.0
431,234.0
432,157.0
433,75.0
434,23.0
435,5.0
436,12.0
437,57.0
438,101.0
439,128.0
440,136.0
441,116.0
442,77.0
443,83.0
444,141.0
445,201.0
446,250.0
447,280.0
448,278.0
449,250.0
450,228.0
451,213.0
452,197.0
453,191.0
454,216.0
455,222.0
456,155.0
457,65.0
458,21.0
459,6.0
460,5.0
461,39.0
462,78.0
463,91.0
464,96.0
465,101.0
466,89.0
467,95.0
468,140.0
469,180.0
470,211.0
471,279.0
472,300.0
473,250.0
474,235.0
475,279.0
476,273.0
477,220.0
478,206.0
479,221.0
480,159.0
481,45.0
482,5.0
483,5.0
484,9.0
485,63.0
486,126.0
487,124.0
488,95.0
489,111.0
490,130.0
491,128.0
492,166.0
493,221.0
494,243.0
495,300.0
496,383.0
497,376.0
498,314.0
499,314.0
500,359.0
501,401.0
502,386.0
503,334.0
504,229.0
505,88.0
506,7.0
507,5.0
508,24.0
509,89.0
510,163.0
511,170.0
512,128.0
513,129.0
514,158.0
515,131.0
516,122.0
517,211.0
518,288.0
519,305.0
520,361.0
521,363.0
522,279.0
523,265.0
524,354.0
525,370.0
526,293.0
527,245.0
528,179.0
529,71.0
530,17.0
531,15.0
532,10.0
533,47.0
534,112.0
535,112.0
536,92.0
537,122.0
538,121.0
539,78.0
540,108.0
541,196.0
542,220.0
543,227.0
544,283.0
545,278.0
546,197.0
547,179.0
548,249.0
549,268.0
550,216.0
551,166.0
552,100.0
553,22.0
554,5.0
555,6.0
556,14.0
557,45.0
558,98.0
559,119.0
560,102.0
561,95.0
562,84.0
563,74.0
564,104.0
565,147.0
566,183.0
567,251.0
568,290.0
569,245.0
570,208.0
571,232.0
572,227.0
573,192.0
574,223.0
575,249.0
576,142.0
577,18.0
578,5.0
579,11.0
580,16.0
581,57.0
582,108.0
583,123.0
584,106.0
585,94.0
586,90.0
587,89.0
588,128.0
589,183.0
590,227.0
591,272.0
592,305.0
593,284.0
594,234.0
595,233.0
596,252.0
597,251.0
598,257.0
599,253.0
600,166.0
601,48.0
602,5.0
603,6.0
604,8.0
605,52.0
606,112.0
607,134.0
608,131.0
609,114.0
610,94.0
611,109.0
612,159.0
613,173.0
614,197.0
615,268.0
616,319.0
617,288.0
618,235.0
619,213.0
620,200.0
621,219.0
622,236.0
623,192.0
624,114.0
625,41.0
626,6.0
627,5.0
628,19.0
629,58.0
630,92.0
631,106.0
632,102.0
633,83.0
634,67.0
635,73.0
636,100.0
637,142.0
638,195.0
639,242.0
640,259.0
641,223.0
642,195.0
643,209.0
644,226.0
645,240.0
646,242.0
647,191.0
648,95.0
649,24.0
650,9.0
651,11.0
652,10.0
653,40.0
654,100.0
655,129.0
656,104.0
657,100.0
658,119.0
659,123.0
660,147.0
661,205.0
662,251.0
663,271.0
664,295.0
665,323.0
666,303.0
667,316.0
668,391.0
669,418.0
670,372.0
671,297.0
672,203.0
673,94.0
674,26.0
675,16.0
676,22.0
677,65.0
678,136.0
679,149.0
680,115.0
681,119.0
682,131.0
683,115.0
684,150.0
685,225.0
686,267.0
687,293.0
688,332.0
689,317.0
690,278.0
691,294.0
692,294.0
693,279.0
694,289.0
695,287.0
696,194.0
697,65.0
698,13.0
699,5.0
700,13.0
701,90.0
702,149.0
703,109.0
704,73.0
705,99.0
706,120.0
707,101.0
708,111.0
709,164.0
710,214.0
711,254.0
712,280.0
713,238.0
714,198.0
715,215.0
716,218.0
717,197.0
718,188.0
719,182.0
720,126.0
721,35.0
722,5.0
723,5.0
724,20.0
725,55.0
726,75.0
727,71.0
728,76.0
729,84.0
730,83.0
731,83.0
732,107.0
733,149.0
734,186.0
735,226.0
736,262.0
737,260.0
738,239.0
739,207.0
740,187.0
741,217.0
742,231.0
743,194.0
744,110.0
745,31.0
746,10.0
747,13.0
748,20.0
749,57.0
750,104.0
751,121.0
752,103.0
753,103.0
754,107.0
755,87.0
756,112.0
757,181.0
758,218.0
759,238.0
760,295.0
761,314.0
762,269.0
763,250.0
764,257.0
765,222.0
766,194.0
767,212.0
768,161.0
769,55.0
770,9.0
771,11.0
772,10.0
773,42.0
774,104.0
775,122.0
776,112.0
777,120.0
778,102.0
779,89.0
780,140.0
781,166.0
782,157.0
783,211.0
784,307.0
785,294.0
786,215.0
787,211.0
788,233.0
789,186.0
790,156.0
791,171.0
792,133.0
793,47.0
794,5.0
795,7.0
796,12.0
797,36.0
798,79.0
799,91.0
800,70.0
801,68.0
802,68.0
803,66.0
804,87.0
805,132.0
806,185.0
807,241.0
808,268.0
809,238.0
810,213.0
811,240.0
812,248.0
813,199.0
814,178.0
815,191.0
816,123.0
817,23.0
818,6.0
819,14.0
820,8.0
821,47.0
822,96.0
823,90.0
824,86.0
825,114.0
826,117.0
827,114.0
828,168.0
829,223.0
830,246.0
831,298.0
832,332.0
833,307.0
834,315.0
835,320.0
836,311.0
837,329.0
838,326.0
839,263.0
840,176.0
841,100.0
842,41.0
843,5.0
844,15.0
845,73.0
846,121.0
847,148.0
848,132.0
849,96.0
850,95.0
851,131.0
852,184.0
853,240.0
854,266.0
855,282.0
856,299.0
857,306.0
858,305.0
859,290.0
860,264.0
861,245.0
862,249.0
863,245.0
864,171.0
865,54.0
866,9.0
867,14.0
868,16.0
869,49.0
870,116.0
871,134.0
872,102.0
873,96.0
874,100.0
875,97.0
876,139.0
877,206.0
878,229.0
879,242.0
880,251.0
881,208.0
882,186.0
883,232.0
884,271.0
885,243.0
886,199.0
887,169.0
888,92.0
889,9.0
890,5.0
891,12.0
892,15.0
893,60.0
894,104.0
895,86.0
896,65.0
897,85.0
898,90.0
899,80.0
900,117.0
901,175.0
902,189.0
903,228.0
904,271.0
905,260.0
906,241.0
907,225.0
908,204.0
909,235.0
910,263.0
911,195.0
912,76.0
913,20.0
914,13.0
915,5.0
916,12.0
917,82.0
918,117.0
919,94.0
920,88.0
921,101.0
922,88.0
923,74.0
924,113.0
925,185.0
926,235.0
927,266.0
928,294.0
929,288.0
930,270.0
931,306.0
932,327.0
933,271.0
934,212.0
935,197.0
936,141.0
937,30.0
938,5.0
939,16.0
940,21.0
941,49.0
942,125.0
943,150.0
944,107.0
945,101.0
946,119.0
947,109.0
948,132.0
949,196.0
950,235.0
951,273.0
952,330.0
953,298.0
954,245.0
955,273.0
956,294.0
957,249.0
958,222.0
959,195.0
960,106.0
961,13.0
962,5.0
963,10.0
964,6.0
965,48.0
966,91.0
967,85.0
968,80.0
969,73.0
970,58.0
971,77.0
972,132.0
973,190.0
974,229.0
975,266.0
976,268.0
977,241.0
978,280.0
979,331.0
980,289.0
981,251.0
982,261.0
983,211.0
984,88.0
985,14.0
986,15.0
987,5.0
988,7.0
989,69.0
990,97.0
991,86.0
992,104.0
993,117.0
994,103.0
995,102.0
996,144.0
997,199.0
998,251.0
999,331.0
1000,361.0
1001,302.0
1002,300.0
1003,340.0
1004,347.0
1005,345.0
1006,368.0
1007,344.0
1008,186.0
1009,32.0
1010,5.0
1011,5.0
1012,12.0
1013,91.0
1014,166.0
1015,146.0
1016,99.0
1017,107.0
1018,120.0
1019,109.0
1020,142.0
1021,208.0
1022,264.0
1023,331.0
1024,348.0
1025,288.0
1026,273.0
1027,328.0
1028,336.0
1029,274.0
1030,226.0
1031,204.0
1032,131.0
1033,46.0
1034,22.0
1035,21.0
1036,18.0
1037,50.0
1038,99.0
1039,105.0
1040,93.0
1041,105.0
1042,95.0
1043,49.0
1044,57.0
1045,138.0
1046,219.0
1047,264.0
1048,267.0
1049,204.0
1050,149.0
1051,178.0
1052,214.0
1053,201.0
1054,207.0
1055,226.0
1056,172.0
1057,70.0
1058,29.0
1059,26.0
1060,30.0
1061,78.0
1062,120.0
1063,99.0
1064,79.0
1065,98.0
1066,91.0
1067,69.0
1068,118.0
1069,184.0
1070,183.0
1071,214.0
1072,290.0
1073,272.0
1074,224.0
1075,259.0
1076,281.0
1077,219.0
1078,177.0
1079,162.0
1080,85.0
1081,5.0
1082,5.0
1083,8.0
1084,8.0
1085,74.0
1086,129.0
1087,105.0
1088,79.0
1089,99.0
1090,116.0
1091,123.0
1092,141.0
1093,167.0
1094,211.0
1095,275.0
1096,283.0
1097,226.0
1098,229.0
1099,267.0
1100,238.0
1101,190.0
1102,210.0
1103,228.0
1104,155.0
1105,52.0
1106,21.0
1107,9.0
1108,15.0
1109,86.0
1110,136.0
1111,129.0
1112,127.0
1113,124.0
1114,113.0
1115,123.0
1116,161.0
1117,205.0
1118,243.0
1119,293.0
1120,302.0
1121,272.0
1122,283.0
1123,278.0
1124,227.0
1125,232.0
1126,235.0
1127,182.0
1128,105.0
1129,33.0
1130,7.0
1131,10.0
1132,5.0
1133,32.0
1134,103.0
1135,148.0
1136,119.0
1137,85.0
1138,93.0
1139,97.0
1140,102.0
1141,171.0
1142,260.0
1143,278.0
1144,250.0
1145,213.0
1146,218.0
1147,249.0
1148,235.0
1149,216.0
1150,227.0
1151,207.0
1152,138.0
1153,67.0
1154,28.0
1155,5.0
1156,5.0
1157,66.0
1158,112.0
1159,84.0
1160,76.0
1161,113.0
1162,115.0
1163,121.0
1164,155.0
1165,170.0
1166,203.0
1167,303.0
1168,340.0
1169,271.0
1170,258.0
1171,317.0
1172,287.0
1173,233.0
1174,303.0
1175,350.0
1176,207.0
1177,61.0
1178,36.0
1179,32.0
1180,13.0
1181,64.0
1182,153.0
1183,169.0
1184,132.0
1185,125.0
1186,129.0
1187,131.0
1188,186.0
1189,282.0
1190,363.0
1191,386.0
1192,352.0
1193,314.0
1194,343.0
1195,361.0
1196,335.0
1197,375.0
1198,451.0
1199,376.0
1200,192.0
1201,68.0
1202,28.0
1203,8.0
1204,28.0
1205,107.0
1206,170.0
1207,172.0
1208,177.0
1209,188.0
1210,171.0
1211,149.0
1212,174.0
1213,227.0
1214,234.0
1215,236.0
1216,310.0
1217,335.0
1218,262.0
1219,246.0
1220,300.0
1221,322.0
1222,301.0
1223,250.0
1224,142.0
1225,32.0
1226,11.0
1227,18.0
1228,17.0
1229,75.0
1230,143.0
1231,121.0
1232,81.0
1233,98.0
1234,108.0
1235,94.0
1236,122.0
1237,172.0
1238,225.0
1239,275.0
1240,281.0
1241,249.0
1242,241.0
1243,264.0
1244,256.0
1245,241.0
1246,245.0
1247,210.0
1248,106.0
1249,30.0
1250,21.0
1251,15.0
1252,5.0
1253,45.0
1254,145.0
1255,163.0
1256,116.0
1257,131.0
1258,171.0
1259,165.0
1260,178.0
1261,232.0
1262,276.0
1263,300.0
1264,316.0
1265,276.0
1266,239.0
1267,281.0
1268,302.0
1269,259.0
1270,262.0
1271,274.0
1272,171.0
1273,37.0
1274,9.0
1275,23.0
1276,11.0
1277,46.0
1278,131.0
1279,153.0
1280,120.0
1281,119.0
1282,128.0
1283,114.0
1284,128.0
1285,194.0
1286,266.0
1287,292.0
1288,288.0
1289,277.0
1290,270.0
1291,262.0
1292,246.0
1293,251.0
1294,282.0
1295,256.0
1296,144.0
1297,37.0
1298,8.0
1299,15.0
1300,16.0
1301,56.0
1302,130.0
1303,150.0
1304,117.0
1305,114.0
1306,118.0
1307,95.0
1308,100.0
1309,167.0
1310,256.0
1311,317.0
1312,329.0
1313,276.0
1314,242.0
1315,275.0
1316,273.0
1317,244.0
1318,269.0
1319,257.0
1320,133.0
1321,23.0
1322,20.0
1323,21.0
1324,14.0
1325,95.0
1326,169.0
1327,127.0
1328,107.0
1329,156.0
1330,154.0
1331,122.0
1332,179.0
1333,274.0
1334,318.0
1335,348.0
1336,347.0
1337,296.0
1338,319.0
1339,397.0
1340,367.0
1341,346.0
1342,414.0
1343,378.0
1344,189.0
1345,51.0
1346,28.0
1347,12.0
1348,20.0
1349,132.0
1350,232.0
1351,217.0
1352,170.0
1353,154.0
1354,150.0
1355,154.0
1356,179.0
1357,231.0
1358,333.0
1359,425.0
1360,413.0
1361,319.0
1362,282.0
1363,306.0
1364,314.0
1365,359.0
1366,413.0
1367,346.0
1368,180.0
1369,54.0
1370,17.0
1371,7.0
1372,13.0
1373,87.0
1374,190.0
1375,199.0
1376,139.0
1377,101.0
1378,95.0
1379,104.0
1380,177.0
1381,283.0
1382,316.0
1383,314.0
1384,327.0
1385,276.0
1386,209.0
1387,236.0
1388,283.0
1389,287.0
1390,304.0
1391,323.0
1392,210.0
1393,45.0
1394,5.0
1395,24.0
1396,32.0
1397,64.0
1398,121.0
1399,152.0
1400,133.0
1401,94.0
1402,101.0
1403,131.0
1404,153.0
1405,190.0
1406,248.0
1407,290.0
1408,304.0
1409,297.0
1410,301.0
1411,286.0
1412,256.0
1413,271.0
1414,315.0
1415,299.0
1416,182.0
1417,57.0
1418,16.0
1419,5.0
1420,11.0
1421,95.0
1422,153.0
1423,122.0
1424,96.0
1425,128.0
1426,147.0
1427,143.0
1428,186.0
1429,233.0
1430,228.0
1431,285.0
1432,368.0
1433,345.0
1434,306.0
1435,310.0
1436,298.0
1437,285.0
1438,301.0
1439,301.0
1440,186.0
1441,60.0
1442,31.0
1443,8.0
1444,5.0
1445,100.0
1446,192.0
1447,179.0
1448,146.0
1449,136.0
1450,128.0
1451,117.0
1452,143.0
1453,187.0
1454,236.0
1455,321.0
1456,355.0
1457,294.0
1458,268.0
1459,262.0
1460,259.0
1461,288.0
1462,286.0
1463,210.0
1464,121.0
1465,75.0
1466,45.0
1467,8.0
1468,5.0
1469,48.0
1470,109.0
1471,144.0
1472,142.0
1473,124.0
1474,110.0
1475,118.0
1476,147.0
1477,184.0
1478,225.0
1479,300.0
1480,325.0
1481,262.0
1482,243.0
1483,289.0
1484,271.0
1485,209.0
1486,232.0
1487,277.0
1488,209.0
1489,91.0
1490,44.0
1491,26.0
1492,6.0
1493,51.0
1494,112.0
1495,123.0
1496,126.0
1497,131.0
1498,107.0
1499,107.0
1500,203.0
1501,310.0
1502,340.0
1503,352.0
1504,354.0
1505,312.0
1506,331.0
1507,404.0
1508,395.0
1509,350.0
1510,310.0
1511,280.0
1512,224.0
1513,153.0
1514,99.0
1515,19.0
1516,5.0
1517,86.0
1518,211.0
1519,208.0
1520,142.0
1521,120.0
1522,130.0
1523,147.0
1524,211.0
1525,274.0
1526,280.0
1527,316.0
1528,355.0
1529,318.0
1530,311.0
1531,328.0
1532,305.0
1533,281.0
1534,314.0
1535,325.0
1536,203.0
1537,63.0
1538,23.0
1539,7.0
1540,5.0
1541,64.0
1542,159.0
1543,177.0
1544,133.0
1545,100.0
1546,111.0
1547,138.0
1548,158.0
1549,178.0
1550,205.0
1551,271.0
1552,299.0
1553,241.0
1554,228.0
1555,272.0
1556,268.0
1557,226.0
1558,208.0
1559,219.0
1560,185.0
1561,81.0
1562,27.0
1563,23.0
1564,15.0
1565,45.0
1566,117.0
1567,139.0
1568,98.0
1569,70.0
1570,81.0
1571,85.0
1572,118.0
1573,202.0
1574,256.0
1575,263.0
1576,276.0
1577,266.0
1578,241.0
1579,260.0
1580,259.0
1581,250.0
1582,289.0
1583,331.0
1584,233.0
1585,58.0
1586,5.0
1587,16.0
1588,16.0
1589,65.0
1590,137.0
1591,140.0
1592,102.0
1593,100.0
1594,119.0
1595,131.0
1596,152.0
1597,179.0
1598,232.0
1599,304.0
1600,322.0
1601,272.0
1602,266.0
1603,276.0
1604,257.0
1605,269.0
1606,297.0
1607,260.0
1608,167.0
1609,76.0
1610,27.0
1611,5.0
1612,7.0
1613,77.0
1614,151.0
1615,159.0
1616,134.0
1617,126.0
1618,115.0
1619,102.0
1620,137.0
1621,202.0
1622,229.0
1623,266.0
1624,314.0
1625,276.0
1626,245.0
1627,289.0
1628,297.0
1629,254.0
1630,259.0
1631,261.0
1632,151.0
1633,30.0
1634,17.0
1635,23.0
1636,5.0
1637,40.0
1638,130.0
1639,154.0
1640,129.0
1641,111.0
1642,113.0
1643,113.0
1644,132.0
1645,203.0
1646,250.0
1647,242.0
1648,259.0
1649,285.0
1650,267.0
1651,237.0
1652,216.0
1653,211.0
1654,234.0
1655,269.0
1656,268.0
1657,179.0
1658,80.0
1659,78.0
1660,68.0
1661,40.0
1662,72.0
1663,140.0
1664,166.0
1665,151.0
1666,148.0
1667,165.0
1668,170.0
1669,212.0
1670,325.0
1671,376.0
1672,337.0
1673,345.0
1674,408.0
1675,401.0
1676,361.0
1677,446.0
1678,530.0
1679,390.0
1680,198.0
1681,146.0
1682,127.0
1683,53.0
1684,18.0
1685,80.0
1686,171.0
1687,207.0
1688,193.0
1689,155.0
1690,137.0
1691,142.0
1692,144.0
1693,206.0
1694,331.0
1695,407.0
1696,426.0
1697,397.0
1698,342.0
1699,320.0
1700,317.0
1701,330.0
1702,363.0
1703,379.0
1704,275.0
1705,105.0
1706,20.0
1707,13.0
1708,6.0
1709,58.0
1710,162.0
1711,167.0
1712,109.0
1713,107.0
1714,124.0
1715,117.0
1716,132.0
1717,189.0
1718,259.0
1719,313.0
1720,353.0
1721,334.0
1722,274.0
1723,256.0
1724,283.0
1725,280.0
1726,259.0
1727,234.0
1728,157.0
1729,50.0
1730,5.0
1731,11.0
1732,21.0
1733,63.0
1734,134.0
1735,145.0
1736,101.0
1737,84.0
1738,101.0
1739,125.0
1740,155.0
1741,203.0
1742,284.0
1743,334.0
1744,329.0
1745,318.0
1746,315.0
1747,301.0
1748,268.0
1749,277.0
1750,296.0
1751,242.0
1752,143.0
1753,52.0
1754,10.0
1755,13.0
1756,10.0
1757,35.0
1758,122.0
1759,165.0
1760,130.0
1761,101.0
1762,98.0
1763,111.0
1764,162.0
1765,249.0
1766,314.0
1767,321.0
1768,328.0
1769,317.0
1770,291.0
1771,309.0
1772,302.0
1773,258.0
1774,280.0
1775,306.0
1776,206.0
1777,74.0
1778,24.0
1779,21.0
1780,5.0
1781,22.0
1782,127.0
1783,202.0
1784,178.0
1785,129.0
1786,118.0
1787,124.0
1788,140.0
1789,196.0
1790,296.0
1791,370.0
1792,354.0
1793,304.0
1794,278.0
1795,274.0
1796,280.0
1797,304.0
1798,351.0
1799,332.0
1800,203.0
1801,80.0
1802,35.0
1803,19.0
1804,5.0
1805,36.0
1806,117.0
1807,141.0
1808,117.0
1809,115.0
1810,122.0
1811,111.0
1812,121.0
1813,193.0
1814,309.0
1815,363.0
1816,307.0
1817,235.0
1818,236.0
1819,282.0
1820,269.0
1821,250.0
1822,321.0
1823,334.0
1824,190.0
1825,50.0
1826,12.0
1827,14.0
1828,15.0
1829,57.0
1830,122.0
1831,134.0
1832,133.0
1833,150.0
1834,140.0
1835,138.0
1836,188.0
1837,254.0
1838,351.0
1839,412.0
1840,384.0
1841,342.0
1842,344.0
1843,383.0
1844,385.0
1845,404.0
1846,511.0
1847,494.0
1848,259.0
1849,57.0
1850,26.0
1851,31.0
1852,5.0
1853,65.0
1854,221.0
1855,230.0
1856,143.0
1857,142.0
1858,159.0
1859,134.0
1860,144.0
1861,228.0
1862,345.0
1863,417.0
1864,414.0
1865,360.0
1866,330.0
1867,354.0
1868,358.0
1869,381.0
1870,427.0
1871,369.0
1872,216.0
1873,109.0
1874,65.0
1875,37.0
1876,7.0
1877,45.0
1878,165.0
1879,216.0
1880,154.0
1881,109.0
1882,130.0
1883,133.0
1884,133.0
1885,193.0
1886,291.0
1887,340.0
1888,341.0
1889,305.0
1890,236.0
1891,238.0
1892,303.0
1893,300.0
1894,279.0
1895,291.0
1896,221.0
1897,85.0
1898,22.0
1899,21.0
1900,6.0
1901,38.0
1902,143.0
1903,174.0
1904,100.0
1905,76.0
1906,112.0
1907,97.0
1908,95.0
1909,169.0
1910,249.0
1911,283.0
1912,313.0
1913,341.0
1914,310.0
1915,278.0
1916,291.0
1917,315.0
1918,319.0
1919,308.0
1920,212.0
1921,67.0
1922,5.0
1923,7.0
1924,15.0
1925,44.0
1926,103.0
1927,146.0
1928,146.0
1929,129.0
1930,114.0
1931,118.0
1932,140.0
1933,187.0
1934,288.0
1935,373.0
1936,362.0
1937,307.0
1938,308.0
1939,330.0
1940,327.0
1941,351.0
1942,388.0
1943,328.0
1944,194.0
1945,84.0
1946,38.0
1947,11.0
1948,5.0
1949,64.0
1950,160.0
1951,181.0
1952,154.0
1953,124.0
1954,100.0
1955,99.0
1956,141.0
1957,212.0
1958,287.0
1959,324.0
1960,309.0
1961,305.0
1962,314.0
1963,289.0
1964,253.0
1965,295.0
1966,363.0
1967,322.0
1968,190.0
1969,104.0
1970,59.0
1971,14.0
1972,5.0
1973,44.0
1974,105.0
1975,138.0
1976,129.0
1977,105.0
1978,101.0
1979,117.0
1980,125.0
1981,147.0
1982,229.0
1983,292.0
1984,269.0
1985,277.0
1986,328.0
1987,311.0
1988,290.0
1989,323.0
1990,356.0
1991,358.0
1992,332.0
1993,241.0
1994,116.0
1995,49.0
1996,45.0
1997,63.0
1998,115.0
1999,148.0
2000,124.0
2001,114.0
2002,133.0
2003,133.0
2004,156.0
2005,204.0
2006,270.0
2007,355.0
2008,394.0
2009,381.0
2010,385.0
2011,397.0
2012,372.0
2013,389.0
2014,509.0
2015,523.0
2016,307.0
2017,144.0
2018,117.0
2019,86.0
2020,27.0
2021,55.0
2022,175.0
2023,225.0
2024,175.0
2025,162.0
2026,165.0
2027,114.0
2028,108.0
2029,228.0
2030,353.0
2031,350.0
2032,330.0
2033,368.0
2034,373.0
2035,333.0
2036,323.0
2037,335.0
2038,371.0
2039,381.0
2040,281.0
2041,131.0
2042,59.0
2043,39.0
2044,7.0
2045,41.0
2046,146.0
2047,167.0
2048,115.0
2049,109.0
2050,122.0
2051,100.0
2052,112.0
2053,182.0
2054,272.0
2055,351.0
2056,374.0
2057,308.0
2058,258.0
2059,318.0
2060,352.0
2061,302.0
2062,293.0
2063,304.0
2064,202.0
2065,49.0
2066,7.0
2067,29.0
2068,18.0
2069,50.0
2070,142.0
2071,164.0
2072,98.0
2073,69.0
2074,90.0
2075,91.0
2076,105.0
2077,201.0
2078,295.0
2079,322.0
2080,330.0
2081,322.0
2082,272.0
2083,271.0
2084,309.0
2085,308.0
2086,308.0
2087,323.0
2088,245.0
2089,79.0
2090,5.0
2091,13.0
2092,17.0
2093,55.0
2094,149.0
2095,190.0
2096,139.0
2097,101.0
2098,112.0
2099,125.0
2100,143.0
2101,208.0
2102,303.0
2103,365.0
2104,382.0
2105,383.0
2106,341.0
2107,291.0
2108,313.0
2109,355.0
2110,305.0
2111,247.0
2112,244.0
2113,194.0
2114,79.0
2115,15.0
2116,13.0
2117,39.0
2118,136.0
2119,227.0
2120,182.0
2121,98.0
2122,113.0
2123,143.0
2124,121.0
2125,164.0
2126,310.0
2127,381.0
2128,343.0
2129,315.0
2130,325.0
2131,319.0
2132,296.0
2133,298.0
2134,342.0
2135,321.0
2136,187.0
2137,59.0
2138,26.0
2139,28.0
2140,12.0
2141,36.0
2142,114.0
2143,135.0
2144,102.0
2145,97.0
2146,98.0
2147,88.0
2148,107.0
2149,185.0
2150,283.0
2151,323.0
2152,310.0
2153,264.0
2154,238.0
2155,282.0
2156,304.0
2157,275.0
2158,280.0
2159,270.0
2160,166.0
2161,53.0
2162,29.0
2163,23.0
2164,5.0
2165,73.0
2166,152.0
2167,109.0
2168,78.0
2169,119.0
2170,134.0
2171,150.0
2172,221.0
2173,295.0
2174,341.0
2175,360.0
2176,341.0
2177,313.0
2178,354.0
2179,389.0
2180,345.0
2181,377.0
2182,465.0
2183,395.0
2184,207.0
2185,75.0
2186,34.0
2187,21.0
2188,19.0
2189,73.0
2190,166.0
2191,211.0
2192,183.0
2193,151.0
2194,158.0
2195,173.0
2196,224.0
2197,327.0
2198,376.0
2199,351.0
2200,352.0
2201,371.0
2202,355.0
2203,333.0
2204,322.0
2205,321.0
2206,360.0
2207,374.0
2208,220.0
2209,44.0
2210,21.0
2211,47.0
2212,27.0
2213,74.0
2214,175.0
2215,181.0
2216,136.0
2217,175.0
2218,217.0
2219,188.0
2220,208.0
2221,278.0
2222,301.0
2223,334.0
2224,385.0
2225,364.0
2226,311.0
2227,322.0
2228,388.0
2229,414.0
2230,434.0
2231,439.0
2232,315.0
2233,115.0
2234,33.0
2235,33.0
2236,16.0
2237,39.0
2238,130.0
2239,176.0
2240,123.0
2241,96.0
2242,131.0
2243,139.0
2244,145.0
2245,211.0
2246,284.0
2247,303.0
2248,275.0
2249,280.0
2250,315.0
2251,321.0
2252,286.0
2253,284.0
2254,295.0
2255,258.0
2256,195.0
2257,180.0
2258,167.0
2259,81.0
2260,15.0
2261,46.0
2262,123.0
2263,160.0
2264,140.0
2265,143.0
2266,171.0
2267,179.0
2268,189.0
2269,244.0
2270,308.0
2271,330.0
2272,317.0
2273,329.0
2274,360.0
2275,339.0
2276,296.0
2277,291.0
2278,323.0
2279,311.0
2280,194.0
2281,81.0
2282,44.0
2283,30.0
2284,14.0
2285,52.0
2286,138.0
2287,173.0
2288,147.0
2289,157.0
2290,174.0
2291,142.0
2292,154.0
2293,248.0
2294,321.0
2295,330.0
2296,331.0
2297,334.0
2298,315.0
2299,278.0
2300,244.0
2301,247.0
2302,295.0
2303,288.0
2304,157.0
2305,37.0
2306,18.0
2307,24.0
2308,5.0
2309,39.0
2310,121.0
2311,131.0
2312,91.0
2313,105.0
2314,131.0
2315,135.0
2316,188.0
2317,261.0
2318,281.0
2319,300.0
2320,329.0
2321,279.0
2322,224.0
2323,255.0
2324,274.0
2325,239.0
2326,247.0
2327,249.0
2328,142.0
2329,34.0
2330,20.0
2331,16.0
2332,5.0
2333,60.0
2334,146.0
2335,137.0
2336,88.0
2337,97.0
2338,121.0
2339,144.0
2340,228.0
2341,323.0
2342,351.0
2343,372.0
2344,396.0
2345,369.0
2346,366.0
2347,399.0
2348,367.0
2349,347.0
2350,419.0
2351,409.0
2352,209.0
2353,44.0
2354,30.0
2355,19.0
2356,5.0
2357,64.0
2358,168.0
2359,185.0
2360,151.0
2361,136.0
2362,156.0
2363,185.0
2364,225.0
2365,287.0
2366,357.0
2367,387.0
2368,343.0
2369,297.0
2370,338.0
2371,381.0
2372,353.0
2373,335.0
2374,356.0
2375,343.0
2376,222.0
2377,83.0
2378,12.0
2379,5.0
2380,28.0
2381,69.0
2382,123.0
2383,158.0
2384,138.0
2385,115.0
2386,136.0
2387,160.0
2388,166.0
2389,203.0
2390,282.0
2391,333.0
2392,337.0
2393,334.0
2394,332.0
2395,321.0
2396,298.0
2397,302.0
2398,326.0
2399,298.0
2400,158.0
2401,29.0
2402,7.0
2403,15.0
2404,5.0
2405,41.0
2406,158.0
2407,177.0
2408,97.0
2409,78.0
2410,121.0
2411,136.0
2412,152.0
2413,205.0
2414,272.0
2415,306.0
2416,309.0
2417,323.0
2418,358.0
2419,320.0
2420,230.0
2421,248.0
2422,344.0
2423,310.0
2424,138.0
2425,35.0
2426,31.0
2427,22.0
2428,15.0
2429,63.0
2430,124.0
2431,152.0
2432,143.0
2433,123.0
2434,133.0
2435,159.0
2436,182.0
2437,210.0
2438,261.0
2439,303.0
2440,297.0
2441,293.0
2442,322.0
2443,298.0
2444,226.0
2445,235.0
2446,286.0
2447,270.0
2448,212.0
2449,138.0
2450,52.0
2451,5.0
2452,9.0
2453,41.0
2454,106.0
2455,176.0
2456,164.0
2457,94.0
2458,97.0
2459,165.0
2460,202.0
2461,207.0
2462,248.0
2463,321.0
2464,345.0
2465,309.0
2466,284.0
2467,274.0
2468,248.0
2469,242.0
2470,277.0
2471,263.0
2472,157.0
2473,53.0
2474,17.0
2475,16.0
2476,22.0
2477,53.0
2478,111.0
2479,147.0
2480,125.0
2481,80.0
2482,82.0
2483,128.0
2484,172.0
2485,201.0
2486,233.0
2487,270.0
2488,284.0
2489,270.0
2490,292.0
2491,323.0
2492,301.0
2493,256.0
2494,253.0
2495,251.0
2496,161.0
2497,45.0
2498,7.0
2499,9.0
2500,8.0
2501,55.0
2502,130.0
2503,143.0
2504,95.0
2505,80.0
2506,121.0
2507,169.0
2508,220.0
2509,288.0
2510,336.0
2511,370.0
2512,401.0
2513,414.0
2514,412.0
2515,389.0
2516,355.0
2517,345.0
2518,419.0
2519,486.0
2520,394.0
2521,178.0
2522,42.0
2523,26.0
2524,28.0
2525,71.0
2526,182.0
2527,229.0
2528,151.0
2529,98.0
2530,143.0
2531,172.0
2532,178.0
2533,256.0
2534,364.0
2535,409.0
2536,400.0
2537,388.0
2538,368.0
2539,349.0
2540,327.0
2541,300.0
2542,315.0
2543,326.0
2544,219.0
2545,67.0
2546,10.0
2547,12.0
2548,11.0
2549,61.0
2550,154.0
2551,171.0
2552,111.0
2553,79.0
2554,92.0
2555,123.0
2556,170.0
2557,206.0
2558,259.0
2559,331.0
2560,328.0
2561,268.0
2562,284.0
2563,344.0
2564,329.0
2565,288.0
2566,295.0
2567,259.0
2568,123.0
2569,23.0
2570,12.0
2571,12.0
2572,11.0
2573,56.0
2574,125.0
2575,151.0
2576,122.0
2577,87.0
2578,87.0
2579,99.0
2580,132.0
2581,211.0
2582,286.0
2583,309.0
2584,305.0
2585,329.0
2586,352.0
2587,324.0
2588,300.0
2589,311.0
2590,299.0
2591,255.0
2592,167.0
2593,58.0
2594,10.0
2595,11.0
2596,23.0
2597,80.0
2598,169.0
2599,186.0
2600,115.0
2601,84.0
2602,118.0
2603,131.0
2604,163.0
2605,245.0
2606,312.0
2607,333.0
2608,338.0
2609,340.0
2610,351.0
2611,331.0
2612,309.0
2613,310.0
2614,301.0
2615,258.0
2616,159.0
2617,48.0
2618,9.0
2619,14.0
2620,15.0
2621,58.0
2622,164.0
2623,226.0
2624,167.0
2625,101.0
2626,122.0
2627,169.0
2628,178.0
2629,164.0
2630,205.0
2631,333.0
2632,377.0
2633,280.0
2634,220.0
2635,248.0
2636,219.0
2637,156.0
2638,193.0
2639,245.0
2640,167.0
2641,54.0
2642,19.0
2643,18.0
2644,19.0
2645,62.0
2646,144.0
2647,170.0
2648,114.0
2649,81.0
2650,99.0
2651,114.0
2652,147.0
2653,220.0
2654,307.0
2655,349.0
2656,315.0
2657,270.0
2658,252.0
2659,257.0
2660,281.0
2661,282.0
2662,264.0
2663,228.0
2664,144.0
2665,65.0
2666,19.0
2667,5.0
2668,16.0
2669,57.0
2670,114.0
2671,143.0
2672,103.0
2673,79.0
2674,125.0
2675,175.0
2676,198.0
2677,236.0
2678,325.0
2679,385.0
2680,357.0
2681,343.0
2682,370.0
2683,362.0
2684,351.0
2685,391.0
2686,453.0
2687,409.0
2688,227.0
2689,76.0
2690,39.0
2691,29.0
2692,31.0
2693,99.0
2694,196.0
2695,202.0
2696,115.0
2697,83.0
2698,121.0
2699,165.0
2700,216.0
2701,261.0
2702,299.0
2703,360.0
2704,397.0
2705,391.0
2706,379.0
2707,383.0
2708,373.0
2709,340.0
2710,307.0
2711,256.0
2712,148.0
2713,61.0
2714,26.0
2715,7.0
2716,5.0
2717,57.0
2718,139.0
2719,152.0
2720,97.0
2721,87.0
2722,128.0
2723,147.0
2724,148.0
2725,201.0
2726,300.0
2727,351.0
2728,325.0
2729,293.0
2730,291.0
2731,306.0
2732,316.0
2733,329.0
2734,339.0
2735,275.0
2736,131.0
2737,22.0
2738,9.0
2739,21.0
2740,20.0
2741,50.0
2742,126.0
2743,149.0
2744,92.0
2745,65.0
2746,111.0
2747,164.0
2748,187.0
2749,212.0
2750,282.0
2751,339.0
2752,340.0
2753,313.0
2754,331.0
2755,363.0
2756,343.0
2757,300.0
2758,304.0
2759,320.0
2760,206.0
2761,45.0
2762,5.0
2763,20.0
2764,7.0
2765,50.0
2766,153.0
2767,169.0
2768,103.0
2769,96.0
2770,134.0
2771,147.0
2772,182.0
2773,268.0
2774,332.0
2775,365.0
2776,351.0
2777,305.0
2778,317.0
2779,363.0
2780,364.0
2781,336.0
2782,320.0
2783,298.0
2784,231.0
2785,116.0
2786,21.0
2787,5.0
2788,13.0
2789,51.0
2790,128.0
2791,180.0
2792,142.0
2793,119.0
2794,170.0
2795,177.0
2796,147.0
2797,221.0
2798,340.0
2799,370.0
2800,344.0
2801,333.0
2802,309.0
2803,290.0
2804,300.0
2805,270.0
2806,261.0
2807,309.0
2808,239.0
2809,66.0
2810,5.0
2811,19.0
2812,10.0
2813,42.0
2814,148.0
2815,178.0
2816,121.0
2817,120.0
2818,160.0
2819,159.0
2820,170.0
2821,231.0
2822,297.0
2823,361.0
2824,372.0
2825,305.0
2826,274.0
2827,314.0
2828,341.0
2829,326.0
2830,324.0
2831,308.0
2832,181.0
2833,54.0
2834,30.0
2835,22.0
2836,5.0
2837,64.0
2838,166.0
2839,166.0
2840,127.0
2841,139.0
2842,148.0
2843,152.0
2844,218.0
2845,303.0
2846,348.0
2847,410.0
2848,457.0
2849,412.0
2850,389.0
2851,434.0
2852,418.0
2853,371.0
2854,414.0
2855,404.0
2856,227.0
2857,65.0
2858,33.0
2859,18.0
2860,5.0
2861,89.0
2862,213.0
2863,223.0
2864,171.0
2865,157.0
2866,173.0
2867,200.0
2868,240.0
2869,310.0
2870,412.0
2871,469.0
2872,424.0
2873,359.0
2874,389.0
2875,414.0
2876,385.0
2877,373.0
2878,367.0
2879,280.0
2880,149.0
2881,66.0
2882,30.0
2883,5.0
2884,5.0
2885,51.0
2886,125.0
2887,166.0
2888,155.0
2889,142.0
2890,154.0
2891,169.0
2892,182.0
2893,205.0
2894,213.0
2895,225.0
2896,257.0
2897,297.0
2898,314.0
2899,280.0
2900,244.0
2901,261.0
2902,301.0
2903,285.0
2904,186.0
2905,77.0
2906,23.0
2907,10.0
2908,13.0
2909,63.0
2910,155.0
2911,190.0
2912,139.0
2913,122.0
2914,179.0
2915,208.0
2916,196.0
2917,207.0
2918,225.0
2919,211.0
2920,198.0
2921,237.0
2922,292.0
2923,297.0
2924,274.0
2925,288.0
2926,318.0
2927,304.0
2928,215.0
2929,116.0
2930,49.0
2931,18.0
2932,14.0
2933,55.0
2934,125.0
2935,167.0
2936,171.0
2937,162.0
2938,173.0
2939,187.0
2940,199.0
2941,250.0
2942,310.0
2943,349.0
2944,360.0
2945,342.0
2946,332.0
2947,350.0
2948,351.0
2949,341.0
2950,350.0
2951,355.0
2952,291.0
2953,145.0
2954,42.0
2955,13.0
2956,7.0
2957,52.0
2958,136.0
2959,169.0
2960,152.0
2961,153.0
2962,175.0
2963,182.0
2964,194.0
2965,243.0
2966,317.0
2967,368.0
2968,351.0
2969,292.0
2970,299.0
2971,359.0
2972,346.0
2973,301.0
2974,297.0
2975,272.0
2976,165.0
2977,64.0
2978,25.0
2979,9.0
2980,5.0
2981,29.0
2982,93.0
2983,133.0
2984,123.0
2985,107.0
2986,122.0
2987,144.0
2988,170.0
2989,240.0
2990,308.0
2991,326.0
2992,304.0
2993,284.0
2994,280.0
2995,299.0
2996,333.0
2997,336.0
2998,299.0
2999,253.0
3000,176.0
3001,52.0
3002,5.0
3003,5.0
3004,13.0
3005,61.0
3006,135.0
3007,147.0
3008,104.0
3009,93.0
3010,145.0
3011,187.0
3012,223.0
3013,293.0
3014,352.0
3015,379.0
3016,381.0
3017,381.0
3018,402.0
3019,419.0
3020,381.0
3021,350.0
3022,386.0
3023,435.0
3024,397.0
3025,220.0
3026,46.0
3027,5.0
3028,17.0
3029,61.0
3030,153.0
3031,230.0
3032,214.0
3033,153.0
3034,150.0
3035,187.0
3036,217.0
3037,247.0
3038,305.0
3039,383.0
3040,438.0
3041,432.0
3042,402.0
3043,399.0
3044,374.0
3045,355.0
3046,381.0
3047,351.0
3048,198.0
3049,43.0
3050,11.0
3051,25.0
3052,6.0
3053,34.0
3054,130.0
3055,182.0
3056,147.0
3057,123.0
3058,137.0
3059,147.0
3060,166.0
3061,217.0
3062,271.0
3063,315.0
3064,330.0
3065,302.0
3066,315.0
3067,372.0
3068,357.0
3069,294.0
3070,278.0
3071,262.0
3072,157.0
3073,50.0
3074,29.0
3075,17.0
3076,5.0
3077,62.0
3078,155.0
3079,156.0
3080,95.0
3081,74.0
3082,105.0
3083,139.0
3084,168.0
3085,217.0
3086,282.0
3087,349.0
3088,369.0
3089,330.0
3090,327.0
3091,356.0
3092,335.0
3093,281.0
3094,284.0
3095,320.0
3096,252.0
3097,104.0
3098,19.0
3099,5.0
3100,5.0
3101,59.0
3102,152.0
3103,174.0
3104,130.0
3105,123.0
3106,148.0
3107,147.0
3108,169.0
3109,254.0
3110,333.0
3111,373.0
3112,378.0
3113,340.0
3114,317.0
3115,329.0
3116,323.0
3117,307.0
3118,303.0
3119,288.0
3120,214.0
3121,112.0
3122,56.0
3123,22.0
3124,5.0
3125,45.0
3126,147.0
3127,199.0
3128,178.0
3129,147.0
3130,150.0
3131,168.0
3132,189.0
3133,238.0
3134,289.0
3135,320.0
3136,345.0
3137,338.0
3138,312.0
3139,289.0
3140,281.0
3141,312.0
3142,312.0
3143,248.0
3144,160.0
3145,86.0
3146,30.0
3147,5.0
3148,5.0
3149,35.0
3150,99.0
3151,153.0
3152,146.0
3153,106.0
3154,114.0
3155,148.0
3156,151.0
3157,195.0
3158,293.0
3159,351.0
3160,338.0
3161,295.0
3162,277.0
3163,299.0
3164,317.0
3165,301.0
3166,274.0
3167,266.0
3168,210.0
3169,76.0
3170,6.0
3171,13.0
3172,6.0
3173,38.0
3174,143.0
3175,196.0
3176,151.0
3177,109.0
3178,124.0
3179,168.0
3180,250.0
3181,342.0
3182,369.0
3183,375.0
3184,386.0
3185,354.0
3186,331.0
3187,388.0
3188,422.0
3189,426.0
3190,421.0
3191,385.0
3192,281.0
3193,124.0
3194,26.0
3195,5.0
3196,10.0
3197,64.0
3198,157.0
3199,228.0
3200,232.0
3201,172.0
3202,152.0
3203,195.0
3204,216.0
3205,246.0
3206,350.0
3207,444.0
3208,439.0
3209,392.0
3210,395.0
3211,397.0
3212,365.0
3213,394.0
3214,393.0
3215,288.0
3216,161.0
3217,83.0
3218,34.0
3219,10.0
3220,7.0
3221,56.0
3222,147.0
3223,211.0
3224,198.0
3225,142.0
3226,133.0
3227,175.0
3228,207.0
3229,250.0
3230,304.0
3231,332.0
3232,350.0
3233,317.0
3234,287.0
3235,300.0
3236,307.0
3237,311.0
3238,296.0
3239,229.0
3240,165.0
3241,92.0
3242,33.0
3243,5.0
3244,5.0
3245,54.0
3246,146.0
3247,181.0
3248,155.0
3249,125.0
3250,125.0
3251,156.0
3252,188.0
3253,221.0
3254,269.0
3255,335.0
3256,379.0
3257,336.0
3258,300.0
3259,338.0
3260,354.0
3261,324.0
3262,299.0
3263,293.0
3264,248.0
3265,136.0
3266,42.0
3267,16.0
3268,21.0
3269,49.0
3270,136.0
3271,213.0
3272,171.0
3273,113.0
3274,149.0
3275,177.0
3276,164.0
3277,237.0
3278,362.0
3279,401.0
3280,366.0
3281,328.0
3282,317.0
3283,339.0
3284,364.0
3285,344.0
3286,309.0
3287,307.0
3288,237.0
3289,81.0
3290,9.0
3291,27.0
3292,26.0
3293,49.0
3294,151.0
3295,217.0
3296,173.0
3297,136.0
3298,164.0
3299,188.0
3300,204.0
3301,279.0
3302,354.0
3303,357.0
3304,346.0
3305,340.0
3306,316.0
3307,290.0
3308,297.0
3309,310.0
3310,299.0
3311,251.0
3312,161.0
3313,54.0
3314,7.0
3315,11.0
3316,9.0
3317,42.0
3318,126.0
3319,158.0
3320,128.0
3321,121.0
3322,135.0
3323,125.0
3324,119.0
3325,201.0
3326,313.0
3327,347.0
3328,310.0
3329,297.0
3330,326.0
3331,334.0
3332,302.0
3333,311.0
3334,332.0
3335,286.0
3336,174.0
3337,61.0
3338,11.0
3339,8.0
3340,5.0
3341,30.0
3342,107.0
3343,165.0
3344,167.0
3345,141.0
3346,133.0
3347,138.0
3348,185.0
3349,291.0
3350,374.0
3351,425.0
3352,467.0
3353,433.0
3354,370.0
3355,376.0
3356,434.0
3357,468.0
3358,429.0
3359,321.0
3360,222.0
3361,144.0
3362,64.0
3363,8.0
3364,5.0
3365,71.0
3366,170.0
3367,187.0
3368,150.0
3369,137.0
3370,149.0
3371,163.0
3372,206.0
3373,296.0
3374,357.0
3375,382.0
3376,384.0
3377,346.0
3378,334.0
3379,382.0
3380,409.0
3381,392.0
3382,363.0
3383,288.0
3384,174.0
3385,74.0
3386,30.0
3387,12.0
3388,12.0
3389,63.0
3390,124.0
3391,150.0
3392,149.0
3393,129.0
3394,118.0
3395,132.0
3396,162.0
3397,213.0
3398,268.0
3399,311.0
3400,320.0
3401,289.0
3402,277.0
3403,327.0
3404,354.0
3405,334.0
3406,292.0
3407,247.0
3408,176.0
3409,74.0
3410,13.0
3411,5.0
3412,8.0
3413,51.0
3414,136.0
3415,169.0
3416,132.0
3417,90.0
3418,96.0
3419,124.0
3420,141.0
3421,186.0
3422,266.0
3423,310.0
3424,308.0
3425,301.0
3426,296.0
3427,281.0
3428,276.0
3429,312.0
3430,341.0
3431,298.0
3432,225.0
3433,156.0
3434,67.0
3435,5.0
3436,20.0
3437,90.0
3438,136.0
3439,135.0
3440,126.0
3441,110.0
3442,83.0
3443,91.0
3444,143.0
3445,211.0
3446,300.0
3447,374.0
3448,379.0
3449,321.0
3450,284.0
3451,312.0
3452,327.0
3453,279.0
3454,244.0
3455,280.0
3456,306.0
3457,226.0
3458,106.0
3459,42.0
3460,28.0
3461,66.0
3462,143.0
3463,166.0
3464,139.0
3465,145.0
3466,160.0
3467,152.0
3468,166.0
3469,227.0
3470,279.0
3471,310.0
3472,340.0
3473,321.0
3474,274.0
3475,285.0
3476,307.0
3477,292.0
3478,281.0
3479,255.0
3480,151.0
3481,52.0
3482,24.0
3483,21.0
3484,14.0
3485,61.0
3486,127.0
3487,126.0
3488,97.0
3489,86.0
3490,81.0
3491,97.0
3492,150.0
3493,218.0
3494,257.0
3495,271.0
3496,282.0
3497,279.0
3498,275.0
3499,280.0
3500,270.0
3501,273.0
3502,270.0
3503,209.0
3504,125.0
3505,55.0
3506,26.0
3507,15.0
3508,11.0
3509,44.0
3510,94.0
3511,104.0
3512,99.0
3513,102.0
3514,100.0
3515,100.0
3516,148.0
3517,243.0
3518,305.0
3519,316.0
3520,318.0
3521,279.0
3522,245.0
3523,279.0
3524,323.0
3525,331.0
3526,341.0
3527,329.0
3528,235.0
3529,100.0
3530,21.0
3531,9.0
3532,10.0
3533,56.0
3534,145.0
3535,165.0
3536,130.0
3537,132.0
3538,144.0
3539,139.0
3540,182.0
3541,290.0
3542,349.0
3543,349.0
3544,410.0
3545,447.0
3546,351.0
3547,326.0
3548,439.0
3549,438.0
3550,336.0
3551,348.0
3552,409.0
3553,311.0
3554,106.0
3555,18.0
3556,28.0
3557,64.0
3558,146.0
3559,198.0
3560,173.0
3561,158.0
3562,172.0
3563,187.0
3564,207.0
3565,256.0
3566,332.0
3567,385.0
3568,367.0
3569,308.0
3570,309.0
3571,388.0
3572,406.0
3573,355.0
3574,373.0
3575,398.0
3576,283.0
3577,91.0
3578,9.0
3579,11.0
3580,7.0
3581,51.0
3582,165.0
3583,194.0
3584,113.0
3585,88.0
3586,137.0
3587,145.0
3588,119.0
3589,171.0
3590,278.0
3591,329.0
3592,337.0
3593,322.0
3594,300.0
3595,324.0
3596,323.0
3597,242.0
3598,187.0
3599,244.0
3600,268.0
3601,172.0
3602,65.0
3603,22.0
3604,5.0
3605,41.0
3606,153.0
3607,184.0
3608,108.0
3609,85.0
3610,135.0
3611,165.0
3612,178.0
3613,216.0
3614,268.0
3615,305.0
3616,336.0
3617,344.0
3618,322.0
3619,329.0
3620,337.0
3621,303.0
3622,279.0
3623,264.0
3624,188.0
3625,86.0
3626,31.0
3627,14.0
3628,5.0
3629,44.0
3630,127.0
3631,177.0
3632,167.0
3633,142.0
3634,132.0
3635,149.0
3636,182.0
3637,236.0
3638,301.0
3639,356.0
3640,353.0
3641,288.0
3642,266.0
3643,313.0
3644,346.0
3645,314.0
3646,262.0
3647,245.0
3648,203.0
3649,95.0
3650,15.0
3651,5.0
3652,11.0
3653,52.0
3654,105.0
3655,123.0
3656,110.0
3657,91.0
3658,104.0
3659,158.0
3660,198.0
3661,221.0
3662,277.0
3663,357.0
3664,342.0
3665,290.0
3666,333.0
3667,361.0
3668,311.0
3669,306.0
3670,348.0
3671,318.0
3672,189.0
3673,64.0
3674,15.0
3675,5.0
3676,14.0
3677,82.0
3678,140.0
3679,135.0
3680,114.0
3681,119.0
3682,141.0
3683,165.0
3684,227.0
3685,324.0
3686,370.0
3687,395.0
3688,400.0
3689,367.0
3690,379.0
3691,425.0
3692,444.0
3693,493.0
3694,520.0
3695,441.0
3696,264.0
3697,105.0
3698,39.0
3699,13.0
3700,9.0
3701,79.0
3702,171.0
3703,200.0
3704,195.0
3705,206.0
3706,224.0
3707,214.0
3708,210.0
3709,271.0
3710,362.0
3711,415.0
3712,413.0
3713,377.0
3714,369.0
3715,386.0
3716,355.0
3717,327.0
3718,371.0
3719,374.0
3720,243.0
3721,76.0
3722,13.0
3723,8.0
3724,5.0
3725,61.0
3726,177.0
3727,208.0
3728,167.0
3729,141.0
3730,136.0
3731,148.0
3732,205.0
3733,275.0
3734,309.0
3735,348.0
3736,358.0
3737,302.0
3738,310.0
3739,374.0
3740,337.0
3741,263.0
3742,258.0
3743,248.0
3744,170.0
3745,82.0
3746,43.0
3747,13.0
3748,6.0
3749,62.0
3750,120.0
3751,151.0
3752,172.0
3753,134.0
3754,95.0
3755,123.0
3756,164.0
3757,192.0
3758,252.0
3759,329.0
3760,338.0
3761,294.0
3762,289.0
3763,277.0
3764,227.0
3765,239.0
3766,308.0
3767,305.0
3768,245.0
3769,159.0
3770,42.0
3771,5.0
3772,12.0
3773,69.0
3774,127.0
3775,161.0
3776,144.0
3777,115.0
3778,120.0
3779,130.0
3780,147.0
3781,218.0
3782,311.0
3783,332.0
3784,329.0
3785,347.0
3786,314.0
3787,275.0
3788,272.0
3789,262.0
3790,279.0
3791,317.0
3792,274.0
3793,134.0
3794,29.0
3795,9.0
3796,22.0
3797,67.0
3798,136.0
3799,160.0
3800,128.0
3801,128.0
3802,170.0
3803,183.0
3804,163.0
3805,187.0
3806,268.0
3807,335.0
3808,319.0
3809,283.0
3810,303.0
3811,311.0
3812,262.0
3813,265.0
3814,306.0
3815,268.0
3816,143.0
3817,48.0
3818,34.0
3819,27.0
3820,15.0
3821,55.0
3822,116.0
3823,134.0
3824,109.0
3825,96.0
3826,136.0
3827,169.0
3828,164.0
3829,195.0
3830,277.0
3831,337.0
3832,318.0
3833,275.0
3834,296.0
3835,310.0
3836,254.0
3837,265.0
3838,341.0
3839,317.0
3840,163.0
3841,45.0
3842,33.0
3843,14.0
3844,5.0
3845,62.0
3846,138.0
3847,136.0
3848,117.0
3849,117.0
3850,120.0
3851,148.0
3852,220.0
3853,305.0
3854,396.0
3855,465.0
3856,437.0
3857,354.0
3858,372.0
3859,426.0
3860,415.0
3861,422.0
3862,476.0
3863,429.0
3864,240.0
3865,80.0
3866,33.0
3867,23.0
3868,20.0
3869,85.0
3870,184.0
3871,207.0
3872,165.0
3873,153.0
3874,159.0
3875,156.0
3876,178.0
3877,221.0
3878,290.0
3879,393.0
3880,429.0
3881,368.0
3882,332.0
3883,372.0
3884,349.0
3885,293.0
3886,344.0
3887,382.0
3888,235.0
3889,56.0
3890,9.0
3891,15.0
3892,5.0
3893,53.0
3894,163.0
3895,177.0
3896,114.0
3897,114.0
3898,143.0
3899,118.0
3900,102.0
3901,178.0
3902,283.0
3903,329.0
3904,317.0
3905,284.0
3906,277.0
3907,292.0
3908,279.0
3909,248.0
3910,248.0
3911,217.0
3912,130.0
3913,57.0
3914,35.0
3915,18.0
3916,5.0
3917,45.0
3918,110.0
3919,129.0
3920,110.0
3921,88.0
3922,96.0
3923,126.0
3924,143.0
3925,169.0
3926,234.0
3927,308.0
3928,326.0
3929,296.0
3930,286.0
3931,284.0
3932,244.0
3933,243.0
3934,268.0
3935,235.0
3936,155.0
3937,75.0
3938,32.0
3939,13.0
3940,12.0
3941,61.0
3942,127.0
3943,124.0
3944,81.0
3945,68.0
3946,99.0
3947,130.0
3948,164.0
3949,215.0
3950,261.0
3951,292.0
3952,339.0
3953,344.0
3954,302.0
3955,278.0
3956,249.0
3957,206.0
3958,202.0
3959,208.0
3960,150.0
3961,66.0
3962,37.0
3963,39.0
3964,30.0
3965,62.0
3966,137.0
3967,167.0
3968,130.0
3969,114.0
3970,146.0
3971,153.0
3972,147.0
3973,201.0
3974,264.0
3975,301.0
3976,336.0
3977,350.0
3978,298.0
3979,230.0
3980,200.0
3981,201.0
3982,231.0
3983,288.0
3984,290.0
3985,206.0
3986,120.0
3987,57.0
3988,26.0
3989,58.0
3990,106.0
3991,114.0
3992,103.0
3993,97.0
3994,122.0
3995,148.0
3996,142.0
3997,154.0
3998,216.0
3999,285.0
4000,312.0
4001,313.0
4002,313.0
4003,288.0
4004,293.0
4005,348.0
4006,343.0
4007,265.0
4008,180.0
4009,79.0
4010,18.0
4011,19.0
4012,26.0
4013,53.0
4014,111.0
4015,149.0
4016,133.0
4017,115.0
4018,149.0
4019,167.0
4020,166.0
4021,247.0
4022,338.0
4023,368.0
4024,361.0
4025,333.0
4026,362.0
4027,409.0
4028,400.0
4029,420.0
4030,459.0
4031,417.0
4032,292.0
4033,141.0
4034,59.0
4035,31.0
4036,20.0
4037,71.0
4038,156.0
4039,184.0
4040,163.0
4041,137.0
4042,135.0
4043,149.0
4044,173.0
4045,239.0
4046,285.0
4047,315.0
4048,378.0
4049,396.0
4050,350.0
4051,305.0
4052,267.0
4053,272.0
4054,311.0
4055,277.0
4056,161.0
4057,86.0
4058,60.0
4059,26.0
4060,15.0
4061,81.0
4062,135.0
4063,119.0
4064,111.0
4065,111.0
4066,108.0
4067,120.0
4068,146.0
4069,180.0
4070,229.0
4071,299.0
4072,312.0
4073,271.0
4074,264.0
4075,256.0
4076,234.0
4077,253.0
4078,287.0
4079,242.0
4080,155.0
4081,82.0
4082,41.0
4083,10.0
4084,12.0
4085,75.0
4086,126.0
4087,125.0
4088,104.0
4089,93.0
4090,111.0
4091,148.0
4092,187.0
4093,234.0
4094,299.0
4095,367.0
4096,363.0
4097,290.0
4098,290.0
4099,327.0
4100,272.0
4101,241.0
4102,305.0
4103,317.0
4104,191.0
4105,48.0
4106,6.0
4107,13.0
4108,22.0
4109,83.0
4110,153.0
4111,143.0
4112,89.0
4113,80.0
4114,122.0
4115,154.0
4116,179.0
4117,237.0
4118,275.0
4119,291.0
4120,333.0
4121,355.0
4122,353.0
4123,349.0
4124,294.0
4125,235.0
4126,253.0
4127,264.0
4128,187.0
4129,78.0
4130,20.0
4131,6.0
4132,24.0
4133,82.0
4134,136.0
4135,150.0
4136,136.0
4137,102.0
4138,109.0
4139,161.0
4140,194.0
4141,232.0
4142,313.0
4143,369.0
4144,340.0
4145,297.0
4146,315.0
4147,353.0
4148,336.0
4149,279.0
4150,244.0
4151,242.0
4152,219.0
4153,138.0
4154,49.0
4155,8.0
4156,11.0
4157,49.0
4158,102.0
4159,127.0
4160,111.0
4161,91.0
4162,123.0
4163,175.0
4164,202.0
4165,232.0
4166,284.0
4167,333.0
4168,357.0
4169,337.0
4170,285.0
4171,254.0
4172,288.0
4173,328.0
4174,344.0
4175,350.0
4176,326.0
4177,223.0
4178,92.0
4179,27.0
4180,22.0
4181,58.0
4182,116.0
4183,145.0
4184,129.0
4185,122.0
4186,154.0
4187,178.0
4188,222.0
4189,313.0
4190,378.0
4191,405.0
4192,397.0
4193,365.0
4194,351.0
4195,388.0
4196,393.0
4197,308.0
4198,251.0
4199,301.0
4200,363.0
4201,351.0
4202,284.0
4203,154.0
4204,58.0
4205,90.0
4206,184.0
4207,200.0
4208,142.0
4209,135.0
4210,183.0
4211,202.0
4212,221.0
4213,292.0
4214,360.0
4215,388.0
4216,407.0
4217,409.0
4218,385.0
4219,363.0
4220,341.0
4221,314.0
4222,342.0
4223,393.0
4224,300.0
4225,124.0
4226,52.0
4227,41.0
4228,11.0
4229,42.0
4230,148.0
4231,187.0
4232,132.0
4233,112.0
4234,153.0
4235,184.0
4236,196.0
4237,240.0
4238,306.0
4239,351.0
4240,361.0
4241,363.0
4242,366.0
4243,361.0
4244,323.0
4245,274.0
4246,264.0
4247,256.0
4248,175.0
4249,70.0
4250,35.0
4251,36.0
4252,23.0
4253,47.0
4254,129.0
4255,170.0
4256,130.0
4257,84.0
4258,94.0
4259,145.0
4260,187.0
4261,220.0
4262,289.0
4263,363.0
4264,368.0
4265,342.0
4266,332.0
4267,330.0
4268,307.0
4269,283.0
4270,265.0
4271,288.0
4272,356.0
4273,332.0
4274,157.0
4275,16.0
4276,21.0
4277,81.0
4278,119.0
4279,153.0
4280,153.0
4281,112.0
4282,118.0
4283,165.0
4284,202.0
4285,260.0
4286,356.0
4287,407.0
4288,396.0
4289,367.0
4290,355.0
4291,336.0
4292,319.0
4293,372.0
4294,450.0
4295,425.0
4296,286.0
4297,138.0
4298,57.0
4299,28.0
4300,31.0
4301,82.0
4302,142.0
4303,154.0
4304,112.0
4305,87.0
4306,113.0
4307,152.0
4308,180.0
4309,208.0
4310,255.0
4311,329.0
4312,414.0
4313,426.0
4314,357.0
4315,312.0
4316,323.0
4317,328.0
4318,329.0
4319,335.0
4320,269.0
4321,137.0
4322,54.0
4323,34.0
4324,16.0
4325,29.0
4326,76.0
4327,97.0
4328,96.0
4329,104.0
4330,116.0
4331,131.0
4332,156.0
4333,203.0
4334,259.0
4335,324.0
4336,394.0
4337,403.0
4338,360.0
4339,334.0
4340,307.0
4341,265.0
4342,254.0
4343,289.0
4344,301.0
4345,199.0
4346,69.0
4347,19.0
4348,24.0
4349,50.0
4350,93.0
4351,117.0
4352,105.0
4353,85.0
4354,97.0
4355,150.0
4356,217.0
4357,268.0
4358,314.0
4359,384.0
4360,428.0
4361,364.0
4362,264.0
4363,284.0
4364,397.0
4365,435.0
4366,400.0
4367,415.0
4368,445.0
4369,360.0
4370,164.0
4371,28.0
4372,19.0
4373,59.0
4374,97.0
4375,138.0
4376,155.0
4377,144.0
4378,116.0
4379,120.0
4380,187.0
4381,257.0
4382,288.0
4383,332.0
4384,401.0
4385,440.0
4386,421.0
4387,395.0
4388,355.0
4389,283.0
4390,286.0
4391,341.0
4392,293.0
4393,154.0
4394,61.0
4395,24.0
4396,11.0
4397,45.0
4398,92.0
4399,104.0
4400,107.0
4401,110.0
4402,100.0
4403,114.0
4404,162.0
4405,205.0
4406,263.0
4407,347.0
4408,369.0
4409,328.0
4410,319.0
4411,329.0
4412,282.0
4413,236.0
4414,266.0
4415,274.0
4416,178.0
4417,62.0
4418,24.0
4419,20.0
4420,16.0
4421,49.0
4422,101.0
4423,114.0
4424,87.0
4425,66.0
4426,82.0
4427,125.0
4428,154.0
4429,185.0
4430,265.0
4431,346.0
4432,350.0
4433,317.0
4434,292.0
4435,279.0
4436,280.0
4437,286.0
4438,261.0
4439,207.0
4440,180.0
4441,133.0
4442,31.0
4443,5.0
4444,27.0
4445,77.0
4446,100.0
4447,87.0
4448,61.0
4449,67.0
4450,91.0
4451,107.0
4452,121.0
4453,159.0
4454,237.0
4455,303.0
4456,314.0
4457,303.0
4458,309.0
4459,323.0
4460,292.0
4461,264.0
4462,315.0
4463,309.0
4464,185.0
4465,80.0
4466,36.0
4467,11.0
4468,9.0
4469,49.0
4470,91.0
4471,98.0
4472,96.0
4473,87.0
4474,96.0
4475,136.0
4476,181.0
4477,227.0
4478,286.0
4479,322.0
4480,321.0
4481,323.0
4482,329.0
4483,312.0
4484,268.0
4485,267.0
4486,324.0
4487,331.0
4488,237.0
4489,106.0
4490,23.0
4491,9.0
4492,17.0
4493,41.0
4494,91.0
4495,111.0
4496,82.0
4497,73.0
4498,106.0
4499,146.0
4500,196.0
4501,265.0
4502,311.0
4503,325.0
4504,357.0
4505,372.0
4506,335.0
4507,339.0
4508,418.0
4509,461.0
4510,457.0
4511,397.0
4512,250.0
4513,120.0
4514,63.0
4515,25.0
4516,7.0
4517,77.0
4518,172.0
4519,159.0
4520,114.0
4521,135.0
4522,162.0
4523,194.0
4524,263.0
4525,349.0
4526,444.0
4527,487.0
4528,464.0
4529,437.0
4530,465.0
4531,490.0
4532,464.0
4533,495.0
4534,585.0
4535,533.0
4536,333.0
4537,186.0
4538,102.0
4539,36.0
4540,16.0
4541,87.0
4542,188.0
4543,203.0
4544,165.0
4545,152.0
4546,155.0
4547,186.0
4548,290.0
4549,394.0
4550,422.0
4551,417.0
4552,464.0
4553,505.0
4554,489.0
4555,432.0
4556,386.0
4557,379.0
4558,429.0
4559,439.0
4560,311.0
4561,145.0
4562,51.0
4563,10.0
4564,21.0
4565,96.0
4566,152.0
4567,137.0
4568,108.0
4569,116.0
4570,160.0
4571,205.0
4572,237.0
4573,292.0
4574,355.0
4575,393.0
4576,381.0
4577,364.0
4578,365.0
4579,344.0
4580,335.0
4581,381.0
4582,374.0
4583,284.0
4584,211.0
4585,160.0
4586,80.0
4587,9.0
4588,8.0
4589,65.0
4590,107.0
4591,114.0
4592,120.0
4593,115.0
4594,118.0
4595,136.0
4596,163.0
4597,211.0
4598,269.0
4599,332.0
4600,370.0
4601,340.0
4602,309.0
4603,325.0
4604,338.0
4605,349.0
4606,359.0
4607,338.0
4608,297.0
4609,234.0
4610,144.0
4611,41.0
4612,6.0
4613,49.0
4614,91.0
4615,120.0
4616,135.0
4617,116.0
4618,104.0
4619,137.0
4620,182.0
4621,223.0
4622,275.0
4623,344.0
4624,398.0
4625,385.0
4626,363.0
4627,383.0
4628,379.0
4629,345.0
4630,347.0
4631,364.0
4632,279.0
4633,115.0
4634,32.0
4635,29.0
4636,24.0
4637,42.0
4638,104.0
4639,140.0
4640,101.0
4641,64.0
4642,106.0
4643,169.0
4644,171.0
4645,190.0
4646,286.0
4647,357.0
4648,363.0
4649,381.0
4650,394.0
4651,343.0
4652,297.0
4653,312.0
4654,340.0
4655,355.0
4656,323.0
4657,203.0
4658,59.0
4659,5.0
4660,12.0
4661,37.0
4662,80.0
4663,113.0
4664,108.0
4665,99.0
4666,115.0
4667,146.0
4668,188.0
4669,249.0
4670,304.0
4671,341.0
4672,363.0
4673,351.0
4674,331.0
4675,335.0
4676,353.0
4677,365.0
4678,357.0
4679,290.0
4680,181.0
4681,107.0
4682,69.0
4683,17.0
4684,5.0
4685,65.0
4686,132.0
4687,144.0
4688,119.0
4689,105.0
4690,133.0
4691,186.0
4692,253.0
4693,326.0
4694,381.0
4695,426.0
4696,458.0
4697,472.0
4698,438.0
4699,373.0
4700,379.0
4701,448.0
4702,500.0
4703,530.0
4704,466.0
4705,293.0
4706,106.0
4707,15.0
4708,24.0
4709,62.0
4710,99.0
4711,152.0
4712,202.0
4713,200.0
4714,179.0
4715,204.0
4716,260.0
4717,311.0
4718,393.0
4719,477.0
4720,494.0
4721,459.0
4722,463.0
4723,458.0
4724,399.0
4725,385.0
4726,442.0
4727,426.0
4728,295.0
4729,165.0
4730,74.0
4731,18.0
4732,11.0
4733,64.0
4734,131.0
4735,149.0
4736,130.0
4737,118.0
4738,135.0
4739,170.0
4740,202.0
4741,268.0
4742,343.0
4743,363.0
4744,351.0
4745,342.0
4746,328.0
4747,296.0
4748,290.0
4749,331.0
4750,357.0
4751,327.0
4752,259.0
4753,162.0
4754,54.0
4755,9.0
4756,32.0
4757,72.0
4758,106.0
4759,123.0
4760,117.0
4761,92.0
4762,101.0
4763,143.0
4764,161.0
4765,186.0
4766,273.0
4767,360.0
4768,372.0
4769,350.0
4770,340.0
4771,317.0
4772,258.0
4773,194.0
4774,177.0
4775,247.0
4776,345.0
4777,339.0
4778,194.0
4779,61.0
4780,33.0
4781,65.0
4782,105.0
4783,144.0
4784,144.0
4785,114.0
4786,126.0
4787,171.0
4788,197.0
4789,224.0
4790,288.0
4791,357.0
4792,384.0
4793,382.0
4794,377.0
4795,357.0
4796,327.0
4797,309.0
4798,339.0
4799,375.0
4800,313.0
4801,161.0
4802,54.0
4803,19.0
4804,29.0
4805,62.0
4806,108.0
4807,142.0
4808,128.0
4809,86.0
4810,83.0
4811,130.0
4812,171.0
4813,184.0
4814,243.0
4815,346.0
4816,373.0
4817,350.0
4818,366.0
4819,377.0
4820,387.0
4821,427.0
4822,438.0
4823,369.0
4824,248.0
4825,188.0
4826,142.0
4827,63.0
4828,25.0
4829,51.0
4830,90.0
4831,105.0
4832,102.0
4833,111.0
4834,118.0
4835,130.0
4836,177.0
4837,237.0
4838,289.0
4839,332.0
4840,359.0
4841,386.0
4842,392.0
4843,366.0
4844,359.0
4845,359.0
4846,385.0
4847,388.0
4848,297.0
4849,170.0
4850,74.0
4851,32.0
4852,34.0
4853,50.0
4854,95.0
4855,138.0
4856,123.0
4857,99.0
4858,112.0
4859,155.0
4860,220.0
4861,289.0
4862,370.0
4863,438.0
4864,447.0
4865,439.0
4866,428.0
4867,427.0
4868,437.0
4869,432.0
4870,449.0
4871,460.0
4872,327.0
4873,147.0
4874,80.0
4875,74.0
4876,67.0
4877,80.0
4878,130.0
4879,167.0
4880,164.0
4881,150.0
4882,157.0
4883,193.0
4884,245.0
4885,289.0
4886,360.0
4887,437.0
4888,440.0
4889,394.0
4890,395.0
4891,408.0
4892,376.0
4893,330.0
4894,352.0
4895,426.0
4896,402.0
4897,254.0
4898,104.0
4899,29.0
4900,10.0
4901,37.0
4902,107.0
4903,154.0
4904,148.0
4905,144.0
4906,152.0
4907,145.0
4908,154.0
4909,218.0
4910,312.0
4911,377.0
4912,373.0
4913,343.0
4914,352.0
4915,381.0
4916,363.0
4917,316.0
4918,291.0
4919,288.0
4920,244.0
4921,170.0
4922,78.0
4923,6.0
4924,22.0
4925,97.0
4926,142.0
4927,132.0
4928,103.0
4929,87.0
4930,107.0
4931,140.0
4932,158.0
4933,196.0
4934,297.0
4935,357.0
4936,354.0
4937,349.0
4938,324.0
4939,290.0
4940,338.0
4941,384.0
4942,349.0
4943,342.0
4944,366.0
4945,267.0
4946,71.0
4947,5.0
4948,18.0
4949,44.0
4950,65.0
4951,102.0
4952,110.0
4953,112.0
4954,134.0
4955,172.0
4956,193.0
4957,209.0
4958,281.0
4959,358.0
4960,363.0
4961,363.0
4962,370.0
4963,345.0
4964,326.0
4965,362.0
4966,405.0
4967,379.0
4968,254.0
4969,102.0
4970,18.0
4971,7.0
4972,29.0
4973,61.0
4974,103.0
4975,123.0
4976,105.0
4977,106.0
4978,121.0
4979,124.0
4980,152.0
4981,199.0
4982,264.0
4983,357.0
4984,419.0
4985,400.0
4986,369.0
4987,367.0
4988,344.0
4989,288.0
4990,298.0
4991,332.0
4992,250.0
4993,104.0
4994,28.0
4995,15.0
4996,6.0
4997,29.0
4998,100.0
4999,133.0
5000,109.0
5001,101.0
5002,113.0
5003,125.0
5004,164.0
5005,228.0
5006,277.0
5007,332.0
5008,375.0
5009,351.0
5010,297.0
5011,301.0
5012,335.0
5013,354.0
5014,354.0
5015,299.0
5016,169.0
5017,78.0
5018,53.0
5019,17.0
5020,5.0
5021,60.0
5022,119.0
5023,119.0
5024,110.0
5025,99.0
5026,98.0
5027,140.0
5028,213.0
5029,280.0
5030,358.0
5031,430.0
5032,461.0
5033,460.0
5034,451.0
5035,417.0
5036,414.0
5037,475.0
5038,480.0
5039,366.0
5040,250.0
5041,160.0
5042,62.0
5043,12.0
5044,33.0
5045,95.0
5046,150.0
5047,178.0
5048,160.0
5049,120.0
5050,130.0
5051,189.0
5052,233.0
5053,276.0
5054,353.0
5055,425.0
5056,463.0
5057,435.0
5058,396.0
5059,397.0
5060,395.0
5061,384.0
5062,367.0
5063,306.0
5064,195.0
5065,94.0
5066,44.0
5067,21.0
5068,16.0
5069,64.0
5070,119.0
5071,119.0
5072,106.0
5073,112.0
5074,116.0
5075,130.0
5076,169.0
5077,210.0
5078,262.0
5079,332.0
5080,371.0
5081,347.0
5082,318.0
5083,310.0
5084,300.0
5085,281.0
5086,284.0
5087,286.0
5088,275.0
5089,219.0
5090,98.0
5091,7.0
5092,13.0
5093,58.0
5094,102.0
5095,142.0
5096,133.0
5097,86.0
5098,93.0
5099,130.0
5100,136.0
5101,172.0
5102,269.0
5103,347.0
5104,356.0
5105,343.0
5106,333.0
5107,339.0
5108,343.0
5109,288.0
5110,253.0
5111,324.0
5112,321.0
5113,155.0
5114,24.0
5115,13.0
5116,32.0
5117,56.0
5118,104.0
5119,138.0
5120,129.0
5121,91.0
5122,96.0
5123,162.0
5124,213.0
5125,226.0
5126,291.0
5127,387.0
5128,387.0
5129,341.0
5130,377.0
5131,403.0
5132,340.0
5133,327.0
5134,364.0
5135,330.0
5136,250.0
5137,174.0
5138,63.0
5139,5.0
5140,15.0
5141,75.0
5142,113.0
5143,129.0
5144,131.0
5145,116.0
5146,120.0
5147,157.0
5148,177.0
5149,198.0
5150,264.0
5151,341.0
5152,392.0
5153,379.0
5154,303.0
5155,296.0
5156,365.0
5157,356.0
5158,333.0
5159,378.0
5160,366.0
5161,203.0
5162,42.0
5163,10.0
5164,27.0
5165,44.0
5166,95.0
5167,117.0
5168,96.0
5169,101.0
5170,118.0
5171,134.0
5172,177.0
5173,233.0
5174,299.0
5175,350.0
5176,363.0
5177,358.0
5178,304.0
5179,203.0
5180,156.0
5181,223.0
5182,336.0
5183,373.0
5184,373.0
5185,387.0
5186,284.0
5187,98.0
5188,15.0
5189,48.0
5190,105.0
5191,124.0
5192,109.0
5193,112.0
5194,164.0
5195,223.0
5196,225.0
5197,235.0
5198,335.0
5199,436.0
5200,424.0
5201,375.0
5202,384.0
5203,430.0
5204,422.0
5205,395.0
5206,441.0
5207,449.0
5208,316.0
5209,181.0
5210,130.0
5211,92.0
5212,53.0
5213,72.0
5214,132.0
5215,160.0
5216,170.0
5217,171.0
5218,166.0
5219,198.0
5220,257.0
5221,261.0
5222,269.0
5223,361.0
5224,435.0
5225,408.0
5226,358.0
5227,360.0
5228,383.0
5229,379.0
5230,366.0
5231,341.0
5232,295.0
5233,217.0
5234,94.0
5235,18.0
5236,31.0
5237,70.0
5238,104.0
5239,136.0
5240,120.0
5241,93.0
5242,136.0
5243,208.0
5244,206.0
5245,183.0
5246,249.0
5247,341.0
5248,365.0
5249,365.0
5250,360.0
5251,354.0
5252,329.0
5253,291.0
5254,288.0
5255,305.0
5256,280.0
5257,255.0
5258,229.0
5259,145.0
5260,56.0
5261,57.0
5262,112.0
5263,125.0
5264,110.0
5265,118.0
5266,129.0
5267,160.0
5268,214.0
5269,243.0
5270,302.0
5271,392.0
5272,407.0
5273,351.0
5274,332.0
5275,326.0
5276,306.0
5277,321.0
5278,353.0
5279,315.0
5280,223.0
5281,148.0
5282,74.0
5283,27.0
5284,38.0
5285,69.0
5286,119.0
5287,168.0
5288,132.0
5289,72.0
5290,97.0
5291,171.0
5292,184.0
5293,193.0
5294,280.0
5295,353.0
5296,340.0
5297,341.0
5298,349.0
5299,311.0
5300,263.0
5301,255.0
5302,317.0
5303,382.0
5304,330.0
5305,184.0
5306,66.0
5307,31.0
5308,42.0
5309,70.0
5310,122.0
5311,157.0
5312,130.0
5313,90.0
5314,79.0
5315,116.0
5316,179.0
5317,211.0
5318,262.0
5319,356.0
5320,397.0
5321,352.0
5322,323.0
5323,337.0
5324,316.0
5325,279.0
5326,291.0
5327,293.0
5328,213.0
5329,99.0
5330,36.0
5331,14.0
5332,15.0
5333,57.0
5334,117.0
5335,124.0
5336,90.0
5337,75.0
5338,86.0
5339,117.0
5340,174.0
5341,239.0
5342,300.0
5343,344.0
5344,343.0
5345,311.0
5346,310.0
5347,342.0
5348,343.0
5349,314.0
5350,338.0
5351,338.0
5352,211.0
5353,84.0
5354,46.0
5355,25.0
5356,6.0
5357,53.0
5358,122.0
5359,120.0
5360,89.0
5361,102.0
5362,104.0
5363,129.0
5364,239.0
5365,302.0
5366,324.0
5367,396.0
5368,434.0
5369,376.0
5370,372.0
5371,438.0
5372,395.0
5373,328.0
5374,411.0
5375,469.0
5376,303.0
5377,117.0
5378,64.0
5379,41.0
5380,20.0
5381,76.0
5382,176.0
5383,188.0
5384,110.0
5385,88.0
5386,134.0
5387,185.0
5388,218.0
5389,257.0
5390,325.0
5391,375.0
5392,373.0
5393,341.0
5394,359.0
5395,405.0
5396,392.0
5397,357.0
5398,389.0
5399,362.0
5400,199.0
5401,74.0
5402,63.0
5403,45.0
5404,10.0
5405,45.0
5406,128.0
5407,158.0
5408,118.0
5409,83.0
5410,93.0
5411,142.0
5412,183.0
5413,219.0
5414,284.0
5415,365.0
5416,387.0
5417,337.0
5418,293.0
5419,304.0
5420,344.0
5421,353.0
5422,309.0
5423,250.0
5424,174.0
5425,78.0
5426,19.0
5427,7.0
5428,12.0
5429,36.0
5430,100.0
5431,154.0
5432,131.0
5433,89.0
5434,117.0
5435,177.0
5436,199.0
5437,231.0
5438,307.0
5439,353.0
5440,328.0
5441,313.0
5442,335.0
5443,340.0
5444,332.0
5445,342.0
5446,324.0
5447,268.0
5448,198.0
5449,122.0
5450,45.0
5451,9.0
5452,11.0
5453,40.0
5454,105.0
5455,145.0
5456,115.0
5457,82.0
5458,98.0
5459,136.0
5460,182.0
5461,229.0
5462,291.0
5463,360.0
5464,393.0
5465,373.0
5466,359.0
5467,355.0
5468,318.0
5469,277.0
5470,322.0
5471,346.0
5472,231.0
5473,102.0
5474,49.0
5475,27.0
5476,19.0
5477,54.0
5478,106.0
5479,135.0
5480,119.0
5481,88.0
5482,89.0
5483,141.0
5484,213.0
5485,269.0
5486,308.0
5487,349.0
5488,376.0
5489,363.0
5490,340.0
5491,311.0
5492,295.0
5493,298.0
5494,306.0
5495,299.0
5496,218.0
5497,80.0
5498,14.0
5499,16.0
5500,20.0
5501,41.0
5502,100.0
5503,138.0
5504,110.0
5505,74.0
5506,85.0
5507,131.0
5508,192.0
5509,257.0
5510,310.0
5511,354.0
5512,385.0
5513,357.0
5514,308.0
5515,321.0
5516,372.0
5517,376.0
5518,347.0
5519,308.0
5520,243.0
5521,153.0
5522,65.0
5523,13.0
5524,8.0
5525,51.0
5526,115.0
5527,142.0
5528,127.0
5529,107.0
5530,119.0
5531,173.0
5532,240.0
5533,304.0
5534,367.0
5535,355.0
5536,320.0
5537,362.0
5538,425.0
5539,442.0
5540,418.0
5541,368.0
5542,360.0
5543,370.0
5544,350.0
5545,305.0
5546,280.0
5547,220.0
5548,118.0
5549,99.0
5550,164.0
5551,177.0
5552,150.0
5553,130.0
5554,123.0
5555,192.0
5556,304.0
5557,300.0
5558,286.0
5559,403.0
5560,473.0
5561,416.0
5562,376.0
5563,375.0
5564,347.0
5565,348.0
5566,404.0
5567,408.0
5568,317.0
5569,215.0
5570,105.0
5571,24.0
5572,17.0
5573,64.0
5574,116.0
5575,143.0
5576,145.0
5577,151.0
5578,157.0
5579,167.0
5580,189.0
5581,242.0
5582,313.0
5583,368.0
5584,412.0
5585,434.0
5586,403.0
5587,365.0
5588,357.0
5589,352.0
5590,319.0
5591,261.0
5592,204.0
5593,127.0
5594,45.0
5595,11.0
5596,29.0
5597,81.0
5598,143.0
5599,153.0
5600,109.0
5601,83.0
5602,121.0
5603,162.0
5604,192.0
5605,244.0
5606,315.0
5607,360.0
5608,376.0
5609,364.0
5610,332.0
5611,325.0
5612,362.0
5613,359.0
5614,324.0
5615,319.0
5616,277.0
5617,139.0
5618,25.0
5619,5.0
5620,26.0
5621,75.0
5622,140.0
5623,162.0
5624,126.0
5625,110.0
5626,138.0
5627,171.0
5628,197.0
5629,255.0
5630,348.0
5631,410.0
5632,385.0
5633,349.0
5634,377.0
5635,402.0
5636,371.0
5637,340.0
5638,350.0
5639,332.0
5640,249.0
5641,132.0
5642,52.0
5643,24.0
5644,31.0
5645,74.0
5646,135.0
5647,149.0
5648,114.0
5649,105.0
5650,145.0
5651,180.0
5652,189.0
5653,232.0
5654,341.0
5655,407.0
5656,389.0
5657,379.0
5658,385.0
5659,342.0
5660,288.0
5661,306.0
5662,345.0
5663,316.0
5664,234.0
5665,143.0
5666,60.0
5667,17.0
5668,14.0
5669,45.0
5670,99.0
5671,143.0
5672,139.0
5673,119.0
5674,121.0
5675,159.0
5676,223.0
5677,283.0
5678,325.0
5679,369.0
5680,411.0
5681,394.0
5682,355.0
5683,342.0
5684,358.0
5685,373.0
5686,362.0
5687,312.0
5688,228.0
5689,135.0
5690,65.0
5691,11.0
5692,5.0
5693,72.0
5694,152.0
5695,162.0
5696,141.0
5697,120.0
5698,120.0
5699,175.0
5700,241.0
5701,286.0
5702,343.0
5703,423.0
5704,446.0
5705,408.0
5706,406.0
5707,426.0
5708,412.0
5709,423.0
5710,442.0
5711,396.0
5712,290.0
5713,162.0
5714,63.0
5715,28.0
5716,46.0
5717,109.0
5718,206.0
5719,249.0
5720,218.0
5721,173.0
5722,158.0
5723,173.0
5724,228.0
5725,306.0
5726,360.0
5727,432.0
5728,475.0
5729,405.0
5730,360.0
5731,424.0
5732,443.0
5733,364.0
5734,367.0
5735,404.0
5736,272.0
5737,90.0
5738,25.0
5739,15.0
5740,8.0
5741,73.0
5742,170.0
5743,195.0
5744,165.0
5745,131.0
5746,120.0
5747,146.0
5748,210.0
5749,278.0
5750,324.0
5751,376.0
5752,396.0
5753,349.0
5754,319.0
5755,340.0
5756,353.0
5757,338.0
5758,305.0
5759,260.0
5760,208.0
5761,138.0
5762,55.0
5763,9.0
5764,27.0
5765,88.0
5766,127.0
5767,151.0
5768,162.0
5769,133.0
5770,124.0
5771,153.0
5772,191.0
5773,253.0
5774,343.0
5775,414.0
5776,425.0
5777,364.0
5778,320.0
5779,332.0
5780,365.0
5781,381.0
5782,351.0
5783,305.0
5784,255.0
5785,144.0
5786,33.0
5787,5.0
5788,33.0
5789,71.0
5790,118.0
5791,151.0
5792,146.0
5793,122.0
5794,131.0
5795,171.0
5796,204.0
5797,238.0
5798,311.0
5799,403.0
5800,428.0
5801,369.0
5802,346.0
5803,393.0
5804,385.0
5805,311.0
5806,298.0
5807,305.0
5808,243.0
5809,160.0
5810,83.0
5811,23.0
5812,12.0
5813,40.0
5814,77.0
5815,136.0
5816,187.0
5817,165.0
5818,148.0
5819,205.0
5820,234.0
5821,228.0
5822,307.0
5823,409.0
5824,405.0
5825,377.0
5826,426.0
5827,412.0
5828,312.0
5829,298.0
5830,323.0
5831,271.0
5832,211.0
5833,174.0
5834,85.0
5835,9.0
5836,14.0
5837,56.0
5838,89.0
5839,131.0
5840,155.0
5841,128.0
5842,126.0
5843,178.0
5844,219.0
5845,262.0
5846,332.0
5847,386.0
5848,391.0
5849,377.0
5850,357.0
5851,346.0
5852,343.0
5853,356.0
5854,386.0
5855,368.0
