,xiadan
0,139
1,61
2,18
3,17
4,22
5,53
6,195
7,204
8,134
9,149
10,195
11,156
12,159
13,223
14,229
15,349
16,368
17,296
18,345
19,386
20,323
21,373
22,420
23,390
24,171
25,76
26,41
27,64
28,27
29,134
30,206
31,313
32,222
33,208
34,221
35,154
36,254
37,314
38,329
39,385
40,336
41,365
42,325
43,433
44,340
45,406
46,386
47,424
48,310
49,71
50,24
51,22
52,34
53,122
54,262
55,216
56,144
57,135
58,214
59,231
60,157
61,273
62,291
63,339
64,402
65,249
66,272
67,402
68,424
69,392
70,367
71,339
72,179
73,69
74,51
75,83
76,23
77,54
78,162
79,214
80,183
81,137
82,157
83,173
84,160
85,214
86,284
87,312
88,359
89,270
90,281
91,377
92,260
93,271
94,374
95,352
96,211
97,59
98,39
99,27
100,8
101,60
102,138
103,169
104,99
105,155
106,131
107,107
108,92
109,191
110,267
111,289
112,386
113,272
114,279
115,307
116,309
117,307
118,304
119,260
120,138
121,30
122,27
123,32
124,20
125,75
126,120
127,124
128,137
129,129
130,126
131,92
132,112
133,210
134,210
135,244
136,331
137,320
138,227
139,248
140,281
141,317
142,388
143,385
144,301
145,84
146,42
147,8
148,17
149,78
150,137
151,91
152,103
153,156
154,125
155,124
156,155
157,205
158,275
159,307
160,411
161,272
162,288
163,409
164,382
165,449
166,448
167,282
168,201
169,75
170,18
171,26
172,14
173,101
174,148
175,147
176,158
177,131
178,165
179,137
180,149
181,214
182,270
183,323
184,346
185,308
186,287
187,291
188,302
189,291
190,312
191,293
192,190
193,47
194,27
195,19
196,7
197,56
198,119
199,129
200,109
201,118
202,139
203,106
204,141
205,184
206,240
207,266
208,342
209,272
210,215
211,215
212,175
213,180
214,175
215,163
216,81
217,62
218,66
219,100
220,61
221,102
222,90
223,96
224,89
225,114
226,114
227,112
228,128
229,152
230,247
231,257
232,308
233,275
234,200
235,300
236,253
237,214
238,245
239,218
240,175
241,53
242,21
243,24
244,20
245,62
246,137
247,139
248,96
249,111
250,145
251,128
252,130
253,176
254,267
255,254
256,317
257,356
258,246
259,339
260,358
261,339
262,307
263,296
264,163
265,119
266,17
267,12
268,3
269,77
270,126
271,177
272,131
273,147
274,156
275,159
276,149
277,206
278,286
279,284
280,373
281,391
282,286
283,251
284,274
285,304
286,265
287,279
288,136
289,65
290,22
291,41
292,25
293,59
294,80
295,116
296,116
297,115
298,119
299,152
300,163
301,216
302,248
303,288
304,322
305,324
306,301
307,256
308,280
309,204
310,294
311,332
312,146
313,33
314,25
315,12
316,12
317,60
318,88
319,93
320,124
321,135
322,148
323,112
324,157
325,187
326,258
327,269
328,376
329,367
330,244
331,390
332,308
333,332
334,356
335,296
336,175
337,86
338,56
339,12
340,24
341,95
342,158
343,134
344,102
345,129
346,144
347,152
348,154
349,292
350,350
351,301
352,439
353,380
354,236
355,443
356,403
357,292
358,272
359,426
360,271
361,203
362,52
363,12
364,13
365,97
366,131
367,191
368,156
369,139
370,184
371,170
372,151
373,233
374,219
375,252
376,343
377,364
378,259
379,240
380,263
381,299
382,360
383,330
384,306
385,181
386,66
387,16
388,19
389,67
390,110
391,144
392,95
393,82
394,124
395,79
396,143
397,145
398,257
399,226
400,272
401,316
402,248
403,199
404,310
405,221
406,215
407,207
408,216
409,40
410,5
411,8
412,8
413,57
414,148
415,109
416,89
417,94
418,112
419,86
420,106
421,164
422,173
423,279
424,333
425,258
426,195
427,248
428,259
429,292
430,241
431,246
432,143
433,89
434,11
435,6
436,10
437,57
438,96
439,141
440,115
441,137
442,63
443,84
444,149
445,189
446,259
447,274
448,281
449,242
450,237
451,208
452,195
453,195
454,212
455,221
456,158
457,63
458,18
459,9
460,4
461,38
462,77
463,95
464,89
465,104
466,89
467,98
468,125
469,207
470,177
471,306
472,285
473,256
474,221
475,305
476,242
477,242
478,201
479,208
480,177
481,32
482,9
483,1
484,11
485,64
486,115
487,144
488,73
489,121
490,133
491,119
492,168
493,227
494,233
495,302
496,387
497,378
498,289
499,362
500,299
501,451
502,363
503,329
504,245
505,72
506,12
507,4
508,11
509,97
510,164
511,164
512,132
513,131
514,147
515,140
516,130
517,180
518,328
519,266
520,389
521,346
522,290
523,254
524,355
525,384
526,267
527,268
528,164
529,73
530,20
531,13
532,7
533,48
534,113
535,111
536,88
537,130
538,108
539,89
540,104
541,190
542,232
543,209
544,302
545,261
546,210
547,170
548,249
549,276
550,205
551,173
552,97
553,17
554,4
555,1
556,10
557,55
558,81
559,136
560,86
561,106
562,74
563,83
564,96
565,150
566,181
567,252
568,286
569,250
570,201
571,237
572,221
573,202
574,203
575,271
576,129
577,14
578,9
579,4
580,7
581,79
582,85
583,129
584,117
585,73
586,108
587,76
588,135
589,177
590,230
591,274
592,291
593,304
594,213
595,247
596,242
597,254
598,258
599,248
600,172
601,40
602,9
603,5
604,9
605,47
606,116
607,130
608,137
609,102
610,114
611,78
612,192
613,147
614,211
615,261
616,317
617,301
618,212
619,239
620,178
621,223
622,253
623,163
624,139
625,25
626,9
627,6
628,10
629,64
630,88
631,106
632,105
633,78
634,66
635,76
636,100
637,131
638,218
639,211
640,282
641,219
642,179
643,230
644,209
645,244
646,245
647,188
648,94
649,21
650,16
651,3
652,8
653,56
654,69
655,160
656,89
657,93
658,137
659,104
660,153
661,216
662,222
663,307
664,257
665,353
666,288
667,308
668,414
669,388
670,396
671,289
672,189
673,117
674,8
675,20
676,27
677,59
678,133
679,158
680,110
681,111
682,147
683,100
684,158
685,219
686,277
687,275
688,346
689,323
690,243
691,345
692,247
693,303
694,289
695,269
696,213
697,56
698,12
699,5
700,14
701,82
702,163
703,93
704,86
705,85
706,134
707,89
708,120
709,151
710,229
711,237
712,295
713,232
714,186
715,237
716,198
717,204
718,195
719,160
720,151
721,18
722,2
723,5
724,17
725,55
726,78
727,65
728,80
729,81
730,84
731,81
732,107
733,147
734,194
735,206
736,288
737,236
738,245
739,226
740,147
741,255
742,208
743,197
744,122
745,12
746,21
747,13
748,8
749,76
750,82
751,136
752,98
753,97
754,120
755,67
756,134
757,157
758,241
759,218
760,306
761,309
762,269
763,254
764,244
765,241
766,171
767,231
768,151
769,55
770,13
771,6
772,12
773,41
774,100
775,129
776,104
777,122
778,110
779,67
780,169
781,139
782,174
783,202
784,309
785,294
786,218
787,199
788,247
789,174
790,162
791,167
792,133
793,45
794,8
795,4
796,8
797,45
798,66
799,106
800,53
801,83
802,54
803,76
804,82
805,129
806,191
807,235
808,274
809,231
810,217
811,237
812,249
813,199
814,175
815,192
816,122
817,25
818,3
819,12
820,14
821,40
822,94
823,100
824,71
825,120
826,119
827,113
828,153
829,247
830,233
831,275
832,391
833,237
834,361
835,314
836,286
837,352
838,322
839,248
840,191
841,94
842,35
843,10
844,5
845,85
846,100
847,173
848,109
849,109
850,89
851,134
852,173
853,256
854,251
855,285
856,307
857,292
858,314
859,290
860,260
861,240
862,266
863,219
864,195
865,38
866,16
867,6
868,26
869,40
870,114
871,145
872,88
873,103
874,101
875,94
876,133
877,216
878,223
879,232
880,275
881,179
882,201
883,233
884,258
885,256
886,193
887,166
888,96
889,7
890,4
891,4
892,28
893,47
894,107
895,91
896,56
897,89
898,86
899,94
900,82
901,221
902,152
903,235
904,289
905,236
906,246
907,247
908,164
909,270
910,244
911,200
912,73
913,25
914,4
915,2
916,11
917,75
918,126
919,89
920,82
921,113
922,74
923,79
924,119
925,169
926,247
927,267
928,277
929,311
930,249
931,315
932,328
933,264
934,217
935,190
936,151
937,16
938,3
939,8
940,14
941,70
942,98
943,166
944,108
945,86
946,131
947,107
948,128
949,187
950,263
951,231
952,364
953,283
954,244
955,267
956,318
957,209
958,261
959,169
960,115
961,11
962,4
963,4
964,10
965,45
966,96
967,71
968,101
969,52
970,66
971,85
972,112
973,204
974,233
975,246
976,289
977,232
978,268
979,352
980,276
981,244
982,278
983,195
984,93
985,17
986,9
987,3
988,12
989,62
990,104
991,74
992,118
993,103
994,107
995,115
996,113
997,229
998,241
999,304
1000,420
1001,231
1002,353
1003,322
1004,332
1005,375
1006,339
1007,360
1008,180
1009,33
1010,1
1011,2
1012,15
1013,89
1014,162
1015,156
1016,87
1017,106
1018,134
1019,91
1020,153
1021,206
1022,258
1023,334
1024,356
1025,273
1026,279
1027,335
1028,317
1029,298
1030,205
1031,212
1032,132
1033,41
1034,27
1035,15
1036,20
1037,50
1038,101
1039,99
1040,98
1041,97
1042,105
1043,37
1044,73
1045,112
1046,245
1047,248
1048,270
1049,210
1050,138
1051,181
1052,222
1053,186
1054,220
1055,215
1056,181
1057,61
1058,37
1059,20
1060,25
1061,92
1062,106
1063,102
1064,85
1065,87
1066,93
1067,83
1068,92
1069,205
1070,177
1071,202
1072,308
1073,259
1074,227
1075,257
1076,286
1077,210
1078,186
1079,153
1080,88
1081,4
1082,4
1083,6
1084,7
1085,77
1086,123
1087,116
1088,62
1089,113
1090,106
1091,129
1092,136
1093,167
1094,213
1095,268
1096,299
1097,203
1098,245
1099,259
1100,240
1101,185
1102,221
1103,206
1104,180
1105,36
1106,21
1107,16
1108,5
1109,91
1110,137
1111,121
1112,135
1113,115
1114,118
1115,128
1116,141
1117,229
1118,232
1119,277
1120,336
1121,243
1122,276
1123,325
1124,162
1125,278
1126,225
1127,164
1128,126
1129,23
1130,6
1131,9
1132,10
1133,28
1134,94
1135,167
1136,101
1137,88
1138,104
1139,78
1140,121
1141,148
1142,287
1143,249
1144,270
1145,211
1146,195
1147,282
1148,213
1149,213
1150,250
1151,177
1152,154
1153,71
1154,14
1155,5
1156,13
1157,50
1158,123
1159,85
1160,60
1161,129
1162,106
1163,125
1164,148
1165,179
1166,193
1167,308
1168,341
1169,266
1170,256
1171,324
1172,276
1173,249
1174,273
1175,389
1176,170
1177,84
1178,31
1179,18
1180,28
1181,65
1182,132
1183,193
1184,117
1185,122
1186,143
1187,118
1188,187
1189,282
1190,376
1191,357
1192,383
1193,292
1194,346
1195,371
1196,329
1197,360
1198,477
1199,356
1200,198
1201,70
1202,21
1203,10
1204,33
1205,97
1206,180
1207,157
1208,191
1209,183
1210,163
1211,157
1212,175
1213,208
1214,267
1215,203
1216,321
1217,348
1218,239
1219,263
1220,291
1221,322
1222,308
1223,239
1224,152
1225,20
1226,22
1227,10
1228,22
1229,70
1230,145
1231,120
1232,84
1233,85
1234,129
1235,69
1236,140
1237,167
1238,217
1239,284
1240,276
1241,252
1242,231
1243,281
1244,235
1245,258
1246,233
1247,220
1248,92
1249,42
1250,17
1251,5
1252,11
1253,34
1254,144
1255,174
1256,104
1257,132
1258,180
1259,149
1260,198
1261,205
1262,305
1263,273
1264,331
1265,275
1266,228
1267,290
1268,302
1269,252
1270,268
1271,270
1272,172
1273,34
1274,14
1275,13
1276,18
1277,43
1278,131
1279,150
1280,124
1281,112
1282,137
1283,103
1284,138
1285,181
1286,280
1287,280
1288,291
1289,279
1290,265
1291,264
1292,250
1293,240
1294,289
1295,255
1296,140
1297,38
1298,13
1299,4
1300,22
1301,62
1302,113
1303,165
1304,112
1305,107
1306,128
1307,87
1308,108
1309,149
1310,283
1311,291
1312,338
1313,289
1314,213
1315,298
1316,272
1317,226
1318,287
1319,249
1320,127
1321,34
1322,15
1323,11
1324,28
1325,87
1326,169
1327,123
1328,119
1329,132
1330,178
1331,115
1332,162
1333,292
1334,318
1335,326
1336,368
1337,298
1338,280
1339,452
1340,330
1341,347
1342,433
1343,363
1344,182
1345,75
1346,4
1347,18
1348,27
1349,127
1350,224
1351,232
1352,162
1353,140
1354,181
1355,120
1356,203
1357,217
1358,344
1359,405
1360,436
1361,306
1362,272
1363,331
1364,290
1365,361
1366,432
1367,323
1368,186
1369,65
1370,3
1371,6
1372,34
1373,52
1374,224
1375,172
1376,158
1377,86
1378,105
1379,97
1380,181
1381,277
1382,328
1383,297
1384,338
1385,273
1386,204
1387,248
1388,259
1389,321
1390,264
1391,353
1392,201
1393,32
1394,13
1395,21
1396,20
1397,78
1398,120
1399,128
1400,169
1401,66
1402,108
1403,135
1404,152
1405,174
1406,277
1407,258
1408,322
1409,292
1410,297
1411,292
1412,253
1413,266
1414,321
1415,294
1416,182
1417,58
1418,13
1419,6
1420,4
1421,105
1422,140
1423,128
1424,101
1425,109
1426,165
1427,139
1428,168
1429,260
1430,213
1431,270
1432,405
1433,309
1434,315
1435,334
1436,251
1437,330
1438,274
1439,307
1440,189
1441,56
1442,31
1443,8
1444,7
1445,87
1446,207
1447,165
1448,162
1449,114
1450,147
1451,112
1452,128
1453,213
1454,220
1455,301
1456,410
1457,230
1458,309
1459,254
1460,242
1461,306
1462,282
1463,205
1464,117
1465,88
1466,35
1467,6
1468,12
1469,39
1470,104
1471,161
1472,124
1473,130
1474,108
1475,128
1476,124
1477,211
1478,205
1479,300
1480,340
1481,244
1482,249
1483,289
1484,275
1485,197
1486,241
1487,279
1488,189
1489,122
1490,16
1491,35
1492,10
1493,48
1494,104
1495,134
1496,121
1497,118
1498,129
1499,95
1500,192
1501,329
1502,338
1503,324
1504,397
1505,291
1506,296
1507,487
1508,302
1509,408
1510,304
1511,250
1512,252
1513,144
1514,100
1515,7
1516,13
1517,50
1518,232
1519,207
1520,134
1521,115
1522,145
1523,140
1524,192
1525,316
1526,240
1527,319
1528,396
1529,254
1530,363
1531,309
1532,291
1533,308
1534,291
1535,338
1536,193
1537,72
1538,16
1539,4
1540,8
1541,45
1542,171
1543,176
1544,125
1545,106
1546,103
1547,150
1548,139
1549,197
1550,199
1551,250
1552,342
1553,201
1554,236
1555,298
1556,226
1557,254
1558,211
1559,185
1560,224
1561,56
1562,34
1563,22
1564,16
1565,39
1566,123
1567,135
1568,96
1569,69
1570,89
1571,67
1572,141
1573,173
1574,283
1575,247
1576,272
1577,289
1578,200
1579,308
1580,217
1581,272
1582,288
1583,310
1584,265
1585,28
1586,18
1587,12
1588,11
1589,74
1590,126
1591,149
1592,100
1593,87
1594,145
1595,101
1596,170
1597,174
1598,233
1599,291
1600,352
1601,235
1602,290
1603,270
1604,254
1605,262
1606,320
1607,228
1608,189
1609,70
1610,21
1611,5
1612,7
1613,71
1614,158
1615,153
1616,137
1617,124
1618,110
1619,114
1620,124
1621,202
1622,249
1623,230
1624,348
1625,256
1626,247
1627,296
1628,287
1629,265
1630,241
1631,281
1632,138
1633,27
1634,31
1635,7
1636,5
1637,42
1638,128
1639,142
1640,151
1641,91
1642,117
1643,125
1644,112
1645,212
1646,260
1647,222
1648,267
1649,296
1650,239
1651,265
1652,208
1653,190
1654,263
1655,255
1656,249
1657,230
1658,15
1659,124
1660,54
1661,35
1662,75
1663,145
1664,154
1665,158
1666,157
1667,140
1668,193
1669,201
1670,324
1671,381
1672,328
1673,352
1674,401
1675,408
1676,357
1677,436
1678,548
1679,378
1680,196
1681,152
1682,121
1683,52
1684,30
1685,54
1686,199
1687,184
1688,204
1689,158
1690,122
1691,151
1692,153
1693,177
1694,366
1695,376
1696,440
1697,403
1698,319
1699,353
1700,277
1701,369
1702,335
1703,389
1704,275
1705,104
1706,16
1707,14
1708,17
1709,32
1710,189
1711,155
1712,97
1713,126
1714,114
1715,104
1716,161
1717,159
1718,275
1719,305
1720,363
1721,314
1722,298
1723,238
1724,282
1725,295
1726,245
1727,231
1728,171
1729,33
1730,11
1731,11
1732,18
1733,60
1734,139
1735,146
1736,91
1737,92
1738,107
1739,97
1740,196
1741,166
1742,301
1743,337
1744,310
1745,343
1746,288
1747,325
1748,253
1749,274
1750,315
1751,216
1752,162
1753,44
1754,6
1755,18
1756,9
1757,29
1758,128
1759,159
1760,132
1761,104
1762,92
1763,108
1764,178
1765,217
1766,351
1767,298
1768,320
1769,348
1770,259
1771,320
1772,313
1773,240
1774,280
1775,330
1776,171
1777,99
1778,15
1779,16
1780,6
1781,21
1782,121
1783,200
1784,191
1785,107
1786,137
1787,114
1788,135
1789,212
1790,275
1791,386
1792,346
1793,301
1794,288
1795,262
1796,287
1797,303
1798,345
1799,342
1800,189
1801,93
1802,25
1803,19
1804,9
1805,19
1806,135
1807,128
1808,117
1809,120
1810,120
1811,103
1812,137
1813,171
1814,322
1815,368
1816,287
1817,256
1818,220
1819,287
1820,273
1821,243
1822,318
1823,341
1824,185
1825,53
1826,6
1827,16
1828,15
1829,56
1830,125
1831,126
1832,137
1833,147
1834,153
1835,107
1836,225
1837,223
1838,359
1839,436
1840,336
1841,385
1842,326
1843,369
1844,420
1845,366
1846,527
1847,508
1848,226
1849,88
1850,12
1851,19
1852,27
1853,34
1854,235
1855,233
1856,132
1857,148
1858,160
1859,128
1860,150
1861,216
1862,367
1863,386
1864,434
1865,369
1866,291
1867,401
1868,326
1869,382
1870,443
1871,361
1872,195
1873,145
1874,36
1875,42
1876,22
1877,20
1878,183
1879,208
1880,162
1881,87
1882,163
1883,92
1884,171
1885,170
1886,289
1887,358
1888,320
1889,314
1890,243
1891,216
1892,320
1893,301
1894,262
1895,308
1896,211
1897,84
1898,28
1899,15
1900,9
1901,32
1902,155
1903,158
1904,116
1905,57
1906,134
1907,72
1908,117
1909,155
1910,246
1911,301
1912,286
1913,367
1914,286
1915,304
1916,257
1917,350
1918,292
1919,316
1920,220
1921,52
1922,8
1923,9
1924,7
1925,51
1926,95
1927,156
1928,132
1929,140
1930,114
1931,102
1932,160
1933,171
1934,294
1935,371
1936,364
1937,304
1938,306
1939,337
1940,322
1941,340
1942,416
1943,294
1944,216
1945,83
1946,22
1947,23
1948,9
1949,36
1950,193
1951,155
1952,167
1953,114
1954,114
1955,78
1956,154
1957,215
1958,269
1959,346
1960,290
1961,316
1962,307
1963,298
1964,238
1965,308
1966,354
1967,332
1968,174
1969,124
1970,38
1971,23
1972,9
1973,25
1974,118
1975,139
1976,116
1977,113
1978,109
1979,95
1980,139
1981,157
1982,198
1983,320
1984,268
1985,246
1986,368
1987,285
1988,295
1989,324
1990,363
1991,337
1992,349
1993,241
1994,101
1995,60
1996,47
1997,50
1998,128
1999,138
2000,131
2001,101
2002,151
2003,117
2004,156
2005,217
2006,253
2007,364
2008,395
2009,366
2010,411
2011,366
2012,394
2013,390
2014,466
2015,601
2016,226
2017,193
2018,108
2019,63
2020,58
2021,38
2022,169
2023,240
2024,159
2025,174
2026,159
2027,107
2028,126
2029,196
2030,393
2031,315
2032,349
2033,355
2034,385
2035,321
2036,332
2037,327
2038,374
2039,378
2040,285
2041,126
2042,63
2043,33
2044,16
2045,28
2046,160
2047,154
2048,122
2049,101
2050,135
2051,79
2052,136
2053,158
2054,284
2055,353
2056,361
2057,326
2058,238
2059,328
2060,352
2061,297
2062,298
2063,293
2064,218
2065,31
2066,20
2067,25
2068,10
2069,59
2070,140
2071,157
2072,103
2073,72
2074,77
2075,106
2076,97
2077,197
2078,298
2079,331
2080,304
2081,354
2082,247
2083,280
2084,313
2085,294
2086,325
2087,300
2088,271
2089,55
2090,13
2091,13
2092,7
2093,65
2094,139
2095,202
2096,126
2097,106
2098,117
2099,109
2100,158
2101,206
2102,287
2103,384
2104,373
2105,382
2106,342
2107,297
2108,292
2109,379
2110,294
2111,240
2112,253
2113,192
2114,73
2115,25
2116,5
2117,34
2118,149
2119,216
2120,186
2121,95
2122,119
2123,126
2124,150
2125,131
2126,327
2127,383
2128,332
2129,317
2130,339
2131,289
2132,325
2133,282
2134,341
2135,326
2136,188
2137,48
2138,38
2139,17
2140,20
2141,25
2142,128
2143,123
2144,100
2145,112
2146,80
2147,92
2148,126
2149,146
2150,321
2151,304
2152,305
2153,281
2154,222
2155,284
2156,315
2157,260
2158,290
2159,262
2160,172
2161,50
2162,27
2163,21
2164,14
2165,56
2166,173
2167,90
2168,85
2169,120
2170,133
2171,146
2172,226
2173,283
2174,362
2175,335
2176,355
2177,318
2178,327
2179,425
2180,327
2181,359
2182,502
2183,366
2184,214
2185,85
2186,17
2187,29
2188,21
2189,71
2190,162
2191,207
2192,198
2193,133
2194,167
2195,175
2196,209
2197,341
2198,375
2199,340
2200,359
2201,369
2202,352
2203,342
2204,305
2205,344
2206,327
2207,414
2208,183
2209,67
2210,9
2211,47
2212,33
2213,68
2214,172
2215,186
2216,133
2217,170
2218,228
2219,178
2220,203
2221,296
2222,280
2223,339
2224,399
2225,335
2226,341
2227,301
2228,396
2229,410
2230,443
2231,418
2232,343
2233,87
2234,49
2235,29
2236,8
2237,51
2238,116
2239,184
2240,123
2241,88
2242,138
2243,135
2244,140
2245,223
2246,265
2247,324
2248,250
2249,308
2250,285
2251,347
2252,265
2253,297
2254,285
2255,264
2256,193
2257,171
2258,185
2259,62
2260,20
2261,57
2262,97
2263,187
2264,119
2265,155
2266,161
2267,192
2268,171
2269,262
2270,295
2271,333
2272,323
2273,314
2274,378
2275,324
2276,301
2277,299
2278,299
2279,343
2280,165
2281,96
2282,39
2283,27
2284,13
2285,62
2286,121
2287,182
2288,150
2289,145
2290,186
2291,134
2292,154
2293,245
2294,335
2295,311
2296,342
2297,332
2298,311
2299,281
2300,245
2301,242
2302,287
2303,313
2304,123
2305,60
2306,12
2307,13
2308,16
2309,38
2310,107
2311,144
2312,90
2313,96
2314,136
2315,140
2316,173
2317,268
2318,294
2319,270
2320,354
2321,273
2322,211
2323,267
2324,274
2325,227
2326,252
2327,261
2328,115
2329,56
2330,16
2331,1
2332,14
2333,62
2334,126
2335,155
2336,86
2337,81
2338,138
2339,141
2340,212
2341,339
2342,353
2343,349
2344,420
2345,359
2346,355
2347,421
2348,349
2349,353
2350,411
2351,427
2352,184
2353,61
2354,27
2355,5
2356,20
2357,42
2358,183
2359,171
2360,165
2361,121
2362,168
2363,179
2364,222
2365,288
2366,365
2367,367
2368,368
2369,275
2370,340
2371,404
2372,310
2373,386
2374,302
2375,387
2376,193
2377,96
2378,8
2379,2
2380,26
2381,80
2382,107
2383,169
2384,133
2385,115
2386,139
2387,153
2388,175
2389,190
2390,293
2391,330
2392,323
2393,360
2394,298
2395,355
2396,265
2397,333
2398,292
2399,334
2400,125
2401,49
2402,3
2403,1
2404,19
2405,22
2406,163
2407,181
2408,95
2409,71
2410,133
2411,124
2412,156
2413,203
2414,283
2415,283
2416,329
2417,316
2418,348
2419,340
2420,211
2421,256
2422,335
2423,331
2424,108
2425,56
2426,25
2427,13
2428,24
2429,69
2430,100
2431,170
2432,148
2433,94
2434,166
2435,141
2436,172
2437,234
2438,248
2439,292
2440,314
2441,292
2442,295
2443,340
2444,194
2445,232
2446,315
2447,243
2448,213
2449,158
2450,30
2451,9
2452,20
2453,27
2454,105
2455,184
2456,164
2457,77
2458,120
2459,149
2460,197
2461,228
2462,225
2463,328
2464,351
2465,299
2466,291
2467,268
2468,253
2469,234
2470,284
2471,263
2472,147
2473,62
2474,13
2475,10
2476,33
2477,40
2478,119
2479,140
2480,132
2481,72
2482,85
2483,130
2484,165
2485,206
2486,237
2487,252
2488,308
2489,248
2490,303
2491,324
2492,291
2493,264
2494,250
2495,247
2496,169
2497,36
2498,10
2499,9
2500,5
2501,60
2502,124
2503,147
2504,90
2505,85
2506,115
2507,178
2508,203
2509,307
2510,321
2511,374
2512,408
2513,394
2514,438
2515,363
2516,378
2517,321
2518,440
2519,466
2520,410
2521,170
2522,39
2523,34
2524,19
2525,77
2526,180
2527,223
2528,157
2529,94
2530,141
2531,177
2532,172
2533,257
2534,363
2535,413
2536,391
2537,393
2538,370
2539,338
2540,341
2541,290
2542,315
2543,330
2544,215
2545,66
2546,15
2547,3
2548,17
2549,60
2550,148
2551,177
2552,110
2553,66
2554,115
2555,99
2556,185
2557,201
2558,259
2559,325
2560,340
2561,255
2562,288
2563,345
2564,327
2565,287
2566,293
2567,268
2568,106
2569,39
2570,4
2571,5
2572,26
2573,38
2574,139
2575,137
2576,138
2577,68
2578,102
2579,94
2580,121
2581,232
2582,268
2583,311
2584,317
2585,309
2586,362
2587,334
2588,274
2589,333
2590,293
2591,244
2592,182
2593,45
2594,16
2595,4
2596,32
2597,73
2598,163
2599,200
2600,105
2601,76
2602,142
2603,101
2604,180
2605,240
2606,319
2607,306
2608,382
2609,294
2610,376
2611,334
2612,286
2613,329
2614,299
2615,247
2616,168
2617,43
2618,11
2619,9
2620,19
2621,58
2622,150
2623,247
2624,156
2625,91
2626,138
2627,164
2628,162
2629,196
2630,171
2631,348
2632,379
2633,280
2634,205
2635,267
2636,207
2637,154
2638,203
2639,237
2640,162
2641,66
2642,13
2643,10
2644,30
2645,55
2646,136
2647,189
2648,96
2649,82
2650,113
2651,96
2652,154
2653,229
2654,283
2655,373
2656,305
2657,258
2658,277
2659,230
2660,294
2661,289
2662,242
2663,249
2664,129
2665,70
2666,19
2667,1
2668,10
2669,65
2670,106
2671,148
2672,100
2673,77
2674,131
2675,163
2676,210
2677,229
2678,319
2679,397
2680,347
2681,339
2682,390
2683,335
2684,369
2685,387
2686,443
2687,425
2688,216
2689,72
2690,52
2691,15
2692,36
2693,106
2694,176
2695,226
2696,101
2697,81
2698,131
2699,156
2700,213
2701,279
2702,271
2703,381
2704,385
2705,397
2706,373
2707,390
2708,358
2709,364
2710,276
2711,288
2712,115
2713,85
2714,15
2715,7
2716,6
2717,54
2718,137
2719,160
2720,85
2721,96
2722,121
2723,151
2724,146
2725,199
2726,298
2727,355
2728,317
2729,301
2730,286
2731,302
2732,324
2733,319
2734,344
2735,276
2736,123
2737,28
2738,9
2739,13
2740,29
2741,43
2742,125
2743,157
2744,82
2745,68
2746,117
2747,147
2748,212
2749,180
2750,314
2751,306
2752,369
2753,291
2754,335
2755,377
2756,313
2757,337
2758,269
2759,344
2760,194
2761,46
2762,13
2763,2
2764,25
2765,39
2766,151
2767,178
2768,94
2769,92
2770,143
2771,150
2772,155
2773,306
2774,302
2775,368
2776,372
2777,280
2778,321
2779,377
2780,351
2781,329
2782,345
2783,266
2784,247
2785,121
2786,8
2787,1
2788,17
2789,43
2790,134
2791,180
2792,132
2793,130
2794,163
2795,181
2796,144
2797,223
2798,329
2799,387
2800,335
2801,318
2802,344
2803,251
2804,321
2805,277
2806,232
2807,331
2808,235
2809,55
2810,13
2811,10
2812,12
2813,39
2814,155
2815,168
2816,125
2817,119
2818,156
2819,167
2820,158
2821,241
2822,291
2823,355
2824,392
2825,278
2826,294
2827,308
2828,328
2829,355
2830,287
2831,342
2832,154
2833,69
2834,28
2835,11
2836,14
2837,49
2838,178
2839,155
2840,135
2841,131
2842,148
2843,163
2844,200
2845,316
2846,349
2847,393
2848,476
2849,402
2850,387
2851,433
2852,431
2853,345
2854,437
2855,396
2856,215
2857,84
2858,21
2859,13
2860,17
2861,69
2862,223
2863,225
2864,162
2865,163
2866,170
2867,203
2868,231
2869,317
2870,417
2871,439
2872,477
2873,299
2874,432
2875,393
2876,391
2877,366
2878,378
2879,269
2880,150
2881,73
2882,22
2883,1
2884,15
2885,41
2886,121
2887,178
2888,142
2889,148
2890,152
2891,174
2892,165
2893,229
2894,196
2895,222
2896,273
2897,277
2898,325
2899,280
2900,235
2901,267
2902,299
2903,289
2904,175
2905,91
2906,9
2907,17
2908,11
2909,65
2910,146
2911,201
2912,134
2913,115
2914,190
2915,199
2916,193
2917,219
2918,210
2919,220
2920,193
2921,240
2922,284
2923,312
2924,252
2925,312
2926,288
2927,338
2928,179
2929,144
2930,32
2931,19
2932,24
2933,38
2934,143
2935,146
2936,188
2937,151
2938,171
2939,202
2940,175
2941,268
2942,304
2943,343
2944,366
2945,347
2946,307
2947,382
2948,328
2949,342
2950,371
2951,320
2952,320
2953,131
2954,44
2955,10
2956,12
2957,45
2958,140
2959,170
2960,147
2961,151
2962,182
2963,175
2964,195
2965,243
2966,317
2967,365
2968,352
2969,298
2970,278
2971,386
2972,323
2973,316
2974,282
2975,288
2976,146
2977,81
2978,16
2979,6
2980,5
2981,22
2982,97
2983,129
2984,125
2985,105
2986,119
2987,154
2988,151
2989,264
2990,281
2991,350
2992,285
2993,296
2994,270
2995,307
2996,325
2997,335
2998,313
2999,221
3000,213
3001,22
3002,7
3003,1
3004,5
3005,66
3006,138
3007,135
3008,119
3009,76
3010,156
3011,191
3012,202
3013,317
3014,333
3015,389
3016,375
3017,392
3018,379
3019,444
3020,374
3021,328
3022,424
3023,399
3024,412
3025,230
3026,22
3027,19
3028,8
3029,64
3030,151
3031,224
3032,228
3033,132
3034,168
3035,176
3036,216
3037,251
3038,305
3039,381
3040,428
3041,458
3042,368
3043,425
3044,366
3045,344
3046,395
3047,348
3048,188
3049,51
3050,13
3051,14
3052,15
3053,37
3054,111
3055,202
3056,139
3057,116
3058,143
3059,152
3060,146
3061,237
3062,264
3063,303
3064,346
3065,297
3066,300
3067,396
3068,338
3069,300
3070,280
3071,258
3072,153
3073,57
3074,26
3075,10
3076,10
3077,53
3078,157
3079,160
3080,87
3081,79
3082,99
3083,151
3084,149
3085,233
3086,276
3087,336
3088,400
3089,295
3090,346
3091,354
3092,326
3093,291
3094,277
3095,320
3096,250
3097,112
3098,9
3099,6
3100,8
3101,55
3102,151
3103,180
3104,122
3105,122
3106,155
3107,140
3108,168
3109,255
3110,336
3111,360
3112,395
3113,328
3114,310
3115,350
3116,299
3117,322
3118,299
3119,283
3120,219
3121,109
3122,58
3123,18
3124,4
3125,37
3126,152
3127,195
3128,181
3129,144
3130,146
3131,176
3132,181
3133,237
3134,304
3135,292
3136,368
3137,335
3138,290
3139,324
3140,243
3141,340
3142,295
3143,262
3144,140
3145,103
3146,20
3147,4
3148,11
3149,23
3150,108
3151,148
3152,145
3153,111
3154,102
3155,163
3156,139
3157,198
3158,296
3159,345
3160,340
3161,303
3162,253
3163,329
3164,289
3165,316
3166,276
3167,249
3168,228
3169,63
3170,13
3171,6
3172,11
3173,36
3174,136
3175,207
3176,143
3177,105
3178,132
3179,167
3180,233
3181,370
3182,344
3183,389
3184,371
3185,386
3186,273
3187,456
3188,368
3189,443
3190,439
3191,349
3192,308
3193,118
3194,13
3195,18
3196,2
3197,57
3198,169
3199,219
3200,232
3201,179
3202,138
3203,208
3204,206
3205,251
3206,351
3207,434
3208,450
3209,392
3210,375
3211,433
3212,321
3213,432
3214,366
3215,311
3216,134
3217,105
3218,22
3219,12
3220,7
3221,58
3222,136
3223,224
3224,193
3225,140
3226,128
3227,188
3228,198
3229,237
3230,349
3231,263
3232,406
3233,306
3234,253
3235,344
3236,288
3237,284
3238,357
3239,168
3240,191
3241,97
3242,18
3243,10
3244,2
3245,46
3246,141
3247,201
3248,133
3249,133
3250,124
3251,156
3252,186
3253,217
3254,285
3255,300
3256,417
3257,319
3258,285
3259,367
3260,331
3261,330
3262,306
3263,281
3264,251
3265,140
3266,41
3267,12
3268,17
3269,65
3270,110
3271,238
3272,156
3273,112
3274,154
3275,177
3276,159
3277,238
3278,366
3279,392
3280,378
3281,317
3282,317
3283,349
3284,347
3285,363
3286,296
3287,304
3288,253
3289,61
3290,22
3291,23
3292,22
3293,54
3294,145
3295,224
3296,159
3297,154
3298,145
3299,199
3300,202
3301,272
3302,365
3303,344
3304,356
3305,330
3306,325
3307,280
3308,304
3309,303
3310,306
3311,243
3312,167
3313,49
3314,9
3315,6
3316,17
3317,31
3318,134
3319,158
3320,115
3321,143
3322,110
3323,147
3324,102
3325,207
3326,314
3327,345
3328,303
3329,313
3330,299
3331,361
3332,286
3333,309
3334,340
3335,280
3336,175
3337,59
3338,16
3339,1
3340,5
3341,38
3342,93
3343,166
3344,187
3345,110
3346,147
3347,152
3348,150
3349,318
3350,378
3351,386
3352,508
3353,420
3354,352
3355,394
3356,439
3357,431
3358,476
3359,298
3360,197
3361,196
3362,20
3363,23
3364,3
3365,57
3366,171
3367,199
3368,140
3369,133
3370,153
3371,175
3372,174
3373,330
3374,339
3375,370
3376,413
3377,324
3378,332
3379,397
3380,399
3381,384
3382,386
3383,263
3384,183
3385,79
3386,19
3387,18
3388,11
3389,58
3390,128
3391,149
3392,147
3393,130
3394,115
3395,136
3396,156
3397,219
3398,261
3399,318
3400,308
3401,312
3402,238
3403,372
3404,313
3405,359
3406,288
3407,232
3408,194
3409,64
3410,12
3411,10
3412,7
3413,41
3414,151
3415,156
3416,136
3417,90
3418,93
3419,126
3420,142
3421,184
3422,263
3423,316
3424,299
3425,311
3426,286
3427,284
3428,280
3429,301
3430,354
3431,290
3432,218
3433,173
3434,50
3435,11
3436,21
3437,82
3438,143
3439,137
3440,115
3441,115
3442,88
3443,76
3444,159
3445,198
3446,300
3447,379
3448,380
3449,314
3450,286
3451,314
3452,323
3453,281
3454,248
3455,264
3456,318
3457,229
3458,91
3459,55
3460,20
3461,63
3462,151
3463,164
3464,128
3465,160
3466,146
3467,159
3468,169
3469,213
3470,293
3471,304
3472,335
3473,332
3474,264
3475,287
3476,307
3477,300
3478,256
3479,291
3480,115
3481,75
3482,15
3483,20
3484,18
3485,55
3486,133
3487,116
3488,105
3489,86
3490,67
3491,118
3492,130
3493,225
3494,265
3495,254
3496,290
3497,289
3498,247
3499,311
3500,252
3501,265
3502,296
3503,180
3504,143
3505,48
3506,27
3507,11
3508,17
3509,38
3510,95
3511,103
3512,101
3513,99
3514,99
3515,107
3516,137
3517,245
3518,318
3519,289
3520,345
3521,262
3522,247
3523,283
3524,322
3525,323
3526,351
3527,324
3528,230
3529,110
3530,9
3531,15
3532,10
3533,49
3534,153
3535,162
3536,122
3537,147
3538,124
3539,153
3540,181
3541,277
3542,359
3543,348
3544,402
3545,455
3546,355
3547,299
3548,473
3549,419
3550,329
3551,376
3552,364
3553,356
3554,82
3555,14
3556,42
3557,50
3558,150
3559,210
3560,149
3561,175
3562,166
3563,188
3564,207
3565,251
3566,334
3567,383
3568,371
3569,305
3570,300
3571,399
3572,403
3573,348
3574,385
3575,379
3576,302
3577,76
3578,19
3579,1
3580,12
3581,49
3582,164
3583,201
3584,95
3585,105
3586,126
3587,145
3588,136
3589,137
3590,308
3591,315
3592,333
3593,341
3594,269
3595,355
3596,294
3597,271
3598,158
3599,260
3600,260
3601,175
3602,67
3603,15
3604,6
3605,37
3606,159
3607,180
3608,108
3609,81
3610,141
3611,156
3612,190
3613,205
3614,267
3615,323
3616,304
3617,380
3618,293
3619,338
3620,343
3621,295
3622,276
3623,278
3624,164
3625,106
3626,23
3627,10
3628,11
3629,38
3630,127
3631,184
3632,155
3633,154
3634,116
3635,170
3636,157
3637,256
3638,291
3639,345
3640,380
3641,260
3642,273
3643,328
3644,318
3645,336
3646,259
3647,226
3648,222
3649,91
3650,6
3651,1
3652,20
3653,29
3654,127
3655,116
3656,97
3657,106
3658,95
3659,166
3660,177
3661,256
3662,236
3663,381
3664,348
3665,262
3666,353
3667,366
3668,287
3669,328
3670,339
3671,313
3672,193
3673,69
3674,1
3675,7
3676,20
3677,68
3678,151
3679,129
3680,114
3681,120
3682,134
3683,187
3684,183
3685,374
3686,338
3687,394
3688,421
3689,352
3690,359
3691,483
3692,369
3693,551
3694,493
3695,438
3696,278
3697,92
3698,44
3699,9
3700,14
3701,70
3702,179
3703,193
3704,196
3705,208
3706,219
3707,220
3708,203
3709,272
3710,363
3711,417
3712,400
3713,398
3714,346
3715,397
3716,365
3717,296
3718,403
3719,353
3720,247
3721,82
3722,6
3723,4
3724,5
3725,58
3726,170
3727,215
3728,169
3729,126
3730,151
3731,149
3732,181
3733,303
3734,298
3735,331
3736,386
3737,284
3738,299
3739,401
3740,318
3741,256
3742,286
3743,214
3744,192
3745,78
3746,35
3747,19
3748,6
3749,53
3750,134
3751,131
3752,191
3753,118
3754,102
3755,129
3756,147
3757,207
3758,250
3759,311
3760,368
3761,265
3762,305
3763,269
3764,238
3765,214
3766,335
3767,290
3768,234
3769,191
3770,6
3771,7
3772,6
3773,65
3774,131
3775,161
3776,138
3777,119
3778,124
3779,114
3780,171
3781,193
3782,319
3783,352
3784,287
3785,386
3786,296
3787,265
3788,298
3789,240
3790,286
3791,315
3792,280
3793,123
3794,37
3795,9
3796,8
3797,89
3798,118
3799,167
3800,128
3801,125
3802,165
3803,200
3804,137
3805,208
3806,257
3807,335
3808,322
3809,286
3810,285
3811,337
3812,238
3813,277
3814,302
3815,267
3816,143
3817,47
3818,36
3819,21
3820,18
3821,57
3822,110
3823,133
3824,117
3825,83
3826,140
3827,180
3828,139
3829,216
3830,272
3831,324
3832,333
3833,275
3834,270
3835,351
3836,215
3837,284
3838,341
3839,308
3840,169
3841,45
3842,29
3843,11
3844,5
3845,51
3846,141
3847,140
3848,111
3849,116
3850,128
3851,140
3852,216
3853,314
3854,395
3855,444
3856,476
3857,314
3858,390
3859,434
3860,393
3861,437
3862,472
3863,429
3864,232
3865,96
3866,17
3867,25
3868,28
3869,76
3870,180
3871,221
3872,150
3873,153
3874,173
3875,138
3876,184
3877,230
3878,266
3879,423
3880,398
3881,397
3882,305
3883,388
3884,345
3885,290
3886,341
3887,393
3888,219
3889,69
3890,5
3891,6
3892,11
3893,47
3894,162
3895,180
3896,108
3897,119
3898,133
3899,136
3900,81
3901,188
3902,283
3903,323
3904,319
3905,286
3906,273
3907,285
3908,302
3909,216
3910,274
3911,204
3912,128
3913,63
3914,34
3915,11
3916,9
3917,41
3918,110
3919,126
3920,117
3921,77
3922,100
3923,134
3924,126
3925,184
3926,230
3927,296
3928,340
3929,298
3930,257
3931,327
3932,206
3933,255
3934,283
3935,207
3936,175
3937,67
3938,32
3939,9
3940,22
3941,44
3942,143
3943,112
3944,88
3945,63
3946,102
3947,123
3948,179
3949,190
3950,287
3951,273
3952,339
3953,361
3954,280
3955,288
3956,252
3957,195
3958,209
3959,208
3960,145
3961,67
3962,39
3963,38
3964,23
3965,71
3966,131
3967,161
3968,144
3969,100
3970,147
3971,167
3972,123
3973,226
3974,240
3975,322
3976,318
3977,362
3978,291
3979,231
3980,197
3981,206
3982,227
3983,281
3984,305
3985,190
3986,127
3987,59
3988,21
3989,49
3990,129
3991,87
3992,119
3993,96
3994,109
3995,162
3996,132
3997,158
3998,213
3999,280
4000,326
4001,292
4002,331
4003,279
4004,292
4005,349
4006,352
4007,244
4008,202
4009,64
4010,22
4011,23
4012,16
4013,61
4014,108
4015,142
4016,145
4017,106
4018,137
4019,203
4020,118
4021,276
4022,347
4023,324
4024,408
4025,312
4026,343
4027,450
4028,367
4029,422
4030,482
4031,385
4032,316
4033,128
4034,60
4035,33
4036,16
4037,76
4038,152
4039,181
4040,169
4041,139
4042,111
4043,187
4044,137
4045,251
4046,302
4047,285
4048,389
4049,415
4050,316
4051,328
4052,264
4053,259
4054,316
4055,296
4056,122
4057,122
4058,42
4059,23
4060,28
4061,65
4062,149
4063,101
4064,136
4065,83
4066,121
4067,131
4068,111
4069,223
4070,199
4071,297
4072,340
4073,234
4074,291
4075,239
4076,248
4077,228
4078,324
4079,203
4080,178
4081,77
4082,35
4083,14
4084,10
4085,75
4086,121
4087,133
4088,97
4089,93
4090,113
4091,152
4092,176
4093,238
4094,310
4095,338
4096,396
4097,270
4098,282
4099,353
4100,247
4101,250
4102,309
4103,306
4104,201
4105,42
4106,6
4107,14
4108,17
4109,92
4110,145
4111,140
4112,97
4113,74
4114,114
4115,174
4116,157
4117,240
4118,292
4119,267
4120,341
4121,365
4122,334
4123,356
4124,307
4125,207
4126,276
4127,251
4128,191
4129,77
4130,19
4131,8
4132,16
4133,88
4134,141
4135,132
4136,156
4137,87
4138,113
4139,164
4140,192
4141,226
4142,319
4143,369
4144,334
4145,303
4146,309
4147,353
4148,339
4149,278
4150,242
4151,238
4152,226
4153,131
4154,52
4155,10
4156,2
4157,52
4158,112
4159,107
4160,132
4161,73
4162,130
4163,176
4164,200
4165,229
4166,285
4167,333
4168,356
4169,335
4170,292
4171,235
4172,312
4173,306
4174,358
4175,345
4176,319
4177,237
4178,78
4179,34
4180,18
4181,52
4182,134
4183,118
4184,158
4185,95
4186,164
4187,192
4188,190
4189,348
4190,342
4191,433
4192,381
4193,370
4194,351
4195,378
4196,407
4197,300
4198,255
4199,284
4200,393
4201,309
4202,331
4203,118
4204,70
4205,92
4206,180
4207,203
4208,134
4209,146
4210,167
4211,217
4212,216
4213,281
4214,373
4215,380
4216,408
4217,406
4218,389
4219,359
4220,333
4221,340
4222,305
4223,419
4224,298
4225,104
4226,76
4227,26
4228,12
4229,46
4230,146
4231,184
4232,131
4233,120
4234,139
4235,193
4236,195
4237,235
4238,306
4239,361
4240,339
4241,386
4242,350
4243,367
4244,322
4245,271
4246,268
4247,248
4248,186
4249,57
4250,45
4251,30
4252,25
4253,42
4254,136
4255,164
4256,133
4257,79
4258,98
4259,142
4260,188
4261,223
4262,274
4263,383
4264,347
4265,361
4266,315
4267,334
4268,316
4269,269
4270,276
4271,282
4272,348
4273,348
4274,144
4275,23
4276,9
4277,96
4278,109
4279,149
4280,169
4281,88
4282,135
4283,161
4284,200
4285,248
4286,383
4287,372
4288,420
4289,362
4290,340
4291,355
4292,309
4293,368
4294,459
4295,420
4296,283
4297,142
4298,51
4299,35
4300,20
4301,97
4302,121
4303,173
4304,100
4305,89
4306,116
4307,143
4308,192
4309,197
4310,260
4311,326
4312,414
4313,424
4314,363
4315,303
4316,324
4317,336
4318,316
4319,344
4320,265
4321,135
4322,54
4323,37
4324,11
4325,26
4326,86
4327,86
4328,97
4329,114
4330,97
4331,148
4332,149
4333,193
4334,276
4335,307
4336,399
4337,411
4338,340
4339,350
4340,305
4341,248
4342,283
4343,258
4344,318
4345,199
4346,59
4347,28
4348,18
4349,49
4350,97
4351,116
4352,103
4353,84
4354,96
4355,156
4356,209
4357,274
4358,308
4359,382
4360,439
4361,351
4362,271
4363,276
4364,401
4365,439
4366,388
4367,429
4368,425
4369,381
4370,151
4371,31
4372,13
4373,70
4374,81
4375,156
4376,139
4377,147
4378,124
4379,108
4380,193
4381,259
4382,273
4383,357
4384,375
4385,451
4386,426
4387,378
4388,374
4389,269
4390,291
4391,335
4392,303
4393,144
4394,62
4395,27
4396,8
4397,41
4398,105
4399,87
4400,117
4401,108
4402,99
4403,113
4404,160
4405,210
4406,252
4407,362
4408,357
4409,332
4410,318
4411,329
4412,282
4413,230
4414,279
4415,251
4416,204
4417,40
4418,36
4419,15
4420,17
4421,46
4422,103
4423,115
4424,81
4425,70
4426,80
4427,124
4428,153
4429,193
4430,246
4431,365
4432,340
4433,317
4434,295
4435,271
4436,293
4437,267
4438,283
4439,188
4440,179
4441,155
4442,2
4443,4
4444,23
4445,71
4446,107
4447,89
4448,46
4449,81
4450,85
4451,103
4452,131
4453,145
4454,241
4455,314
4456,291
4457,322
4458,306
4459,302
4460,327
4461,235
4462,317
4463,328
4464,161
4465,93
4466,32
4467,9
4468,7
4469,52
4470,96
4471,76
4472,124
4473,67
4474,100
4475,143
4476,171
4477,228
4478,291
4479,322
4480,305
4481,348
4482,306
4483,323
4484,273
4485,247
4486,342
4487,323
4488,234
4489,113
4490,12
4491,17
4492,13
4493,40
4494,94
4495,102
4496,91
4497,70
4498,100
4499,152
4500,194
4501,262
4502,314
4503,324
4504,356
4505,360
4506,371
4507,285
4508,462
4509,449
4510,434
4511,435
4512,217
4513,130
4514,70
4515,12
4516,16
4517,70
4518,176
4519,159
4520,104
4521,153
4522,142
4523,201
4524,279
4525,307
4526,498
4527,438
4528,488
4529,437
4530,451
4531,498
4532,472
4533,475
4534,592
4535,557
4536,283
4537,237
4538,69
4539,39
4540,31
4541,74
4542,187
4543,207
4544,170
4545,133
4546,182
4547,155
4548,314
4549,373
4550,449
4551,381
4552,498
4553,474
4554,515
4555,413
4556,392
4557,382
4558,413
4559,461
4560,291
4561,156
4562,44
4563,14
4564,18
4565,94
4566,158
4567,125
4568,119
4569,110
4570,154
4571,221
4572,213
4573,316
4574,336
4575,398
4576,388
4577,353
4578,367
4579,352
4580,319
4581,393
4582,373
4583,275
4584,217
4585,160
4586,75
4587,12
4588,8
4589,53
4590,127
4591,91
4592,138
4593,105
4594,111
4595,155
4596,146
4597,213
4598,281
4599,311
4600,385
4601,342
4602,294
4603,336
4604,337
4605,340
4606,372
4607,321
4608,316
4609,208
4610,173
4611,19
4612,8
4613,61
4614,76
4615,128
4616,133
4617,116
4618,96
4619,149
4620,176
4621,214
4622,295
4623,322
4624,409
4625,389
4626,346
4627,402
4628,363
4629,353
4630,348
4631,349
4632,302
4633,92
4634,41
4635,32
4636,13
4637,50
4638,100
4639,144
4640,90
4641,78
4642,95
4643,169
4644,179
4645,183
4646,279
4647,374
4648,349
4649,377
4650,410
4651,327
4652,302
4653,318
4654,328
4655,363
4656,318
4657,211
4658,44
4659,18
4660,2
4661,35
4662,90
4663,101
4664,111
4665,106
4666,99
4667,162
4668,179
4669,244
4670,319
4671,322
4672,375
4673,348
4674,329
4675,333
4676,358
4677,359
4678,359
4679,291
4680,178
4681,103
4682,77
4683,11
4684,6
4685,63
4686,135
4687,137
4688,127
4689,96
4690,136
4691,188
4692,241
4693,348
4694,352
4695,447
4696,457
4697,448
4698,474
4699,349
4700,369
4701,489
4702,445
4703,572
4704,446
4705,297
4706,102
4707,22
4708,14
4709,66
4710,105
4711,138
4712,209
4713,203
4714,170
4715,206
4716,270
4717,284
4718,428
4719,444
4720,515
4721,446
4722,471
4723,448
4724,412
4725,374
4726,434
4727,454
4728,257
4729,197
4730,56
4731,18
4732,20
4733,55
4734,135
4735,147
4736,128
4737,123
4738,124
4739,185
4740,189
4741,268
4742,359
4743,334
4744,380
4745,322
4746,334
4747,300
4748,281
4749,338
4750,352
4751,332
4752,247
4753,179
4754,37
4755,15
4756,38
4757,53
4758,131
4759,102
4760,127
4761,85
4762,106
4763,136
4764,170
4765,176
4766,274
4767,363
4768,371
4769,346
4770,342
4771,314
4772,258
4773,202
4774,162
4775,260
4776,331
4777,354
4778,184
4779,64
4780,30
4781,65
4782,110
4783,135
4784,150
4785,107
4786,131
4787,169
4788,196
4789,223
4790,288
4791,355
4792,392
4793,365
4794,395
4795,342
4796,336
4797,303
4798,347
4799,356
4800,338
4801,139
4802,62
4803,21
4804,23
4805,63
4806,109
4807,142
4808,125
4809,87
4810,87
4811,120
4812,177
4813,190
4814,225
4815,356
4816,384
4817,318
4818,402
4819,358
4820,371
4821,473
4822,381
4823,419
4824,212
4825,205
4826,138
4827,59
4828,31
4829,42
4830,94
4831,109
4832,91
4833,122
4834,113
4835,125
4836,184
4837,237
4838,275
4839,352
4840,344
4841,378
4842,423
4843,324
4844,389
4845,351
4846,369
4847,414
4848,276
4849,179
4850,71
4851,31
4852,35
4853,48
4854,96
4855,137
4856,120
4857,103
4858,115
4859,138
4860,243
4861,275
4862,361
4863,468
4864,412
4865,453
4866,439
4867,408
4868,436
4869,462
4870,400
4871,498
4872,320
4873,125
4874,107
4875,56
4876,72
4877,79
4878,135
4879,157
4880,169
4881,150
4882,158
4883,185
4884,259
4885,272
4886,372
4887,427
4888,454
4889,371
4890,414
4891,403
4892,364
4893,354
4894,322
4895,447
4896,390
4897,263
4898,96
4899,29
4900,14
4901,30
4902,114
4903,152
4904,139
4905,151
4906,152
4907,140
4908,157
4909,215
4910,309
4911,385
4912,368
4913,342
4914,347
4915,394
4916,339
4917,352
4918,250
4919,317
4920,229
4921,175
4922,76
4923,8
4924,15
4925,100
4926,146
4927,130
4928,94
4929,94
4930,112
4931,117
4932,195
4933,158
4934,316
4935,354
4936,359
4937,330
4938,345
4939,276
4940,333
4941,404
4942,330
4943,344
4944,366
4945,281
4946,44
4947,9
4948,8
4949,40
4950,66
4951,122
4952,66
4953,151
4954,124
4955,149
4956,226
4957,192
4958,264
4959,396
4960,329
4961,374
4962,372
4963,348
4964,307
4965,386
4966,389
4967,373
4968,277
4969,77
4970,28
4971,10
4972,16
4973,75
4974,89
4975,133
4976,98
4977,106
4978,129
4979,109
4980,164
4981,192
4982,264
4983,359
4984,420
4985,387
4986,393
4987,335
4988,374
4989,269
4990,296
4991,348
4992,228
4993,122
4994,17
4995,18
4996,5
4997,30
4998,98
4999,132
5000,113
5001,97
5002,110
5003,133
5004,155
5005,231
5006,279
5007,326
5008,375
5009,359
5010,286
5011,308
5012,325
5013,369
5014,331
5015,326
5016,146
5017,84
5018,59
5019,8
5020,8
5021,52
5022,127
5023,108
5024,125
5025,82
5026,111
5027,128
5028,223
5029,271
5030,367
5031,412
5032,482
5033,441
5034,464
5035,408
5036,421
5037,460
5038,504
5039,346
5040,250
5041,178
5042,35
5043,39
5044,13
5045,104
5046,144
5047,184
5048,156
5049,120
5050,129
5051,185
5052,250
5053,241
5054,398
5055,377
5056,497
5057,427
5058,382
5059,417
5060,379
5061,390
5062,369
5063,301
5064,193
5065,100
5066,36
5067,27
5068,12
5069,63
5070,120
5071,119
5072,107
5073,101
5074,134
5075,111
5076,185
5077,198
5078,270
5079,320
5080,388
5081,328
5082,335
5083,288
5084,325
5085,257
5086,299
5087,282
5088,262
5089,241
5090,79
5091,14
5092,12
5093,49
5094,119
5095,123
5096,144
5097,79
5098,95
5099,131
5100,136
5101,170
5102,262
5103,361
5104,349
5105,331
5106,353
5107,327
5108,330
5109,328
5110,206
5111,343
5112,334
5113,130
5114,40
5115,9
5116,29
5117,52
5118,121
5119,117
5120,140
5121,84
5122,104
5123,150
5124,223
5125,218
5126,294
5127,384
5128,391
5129,341
5130,359
5131,434
5132,311
5133,339
5134,367
5135,323
5136,242
5137,200
5138,32
5139,11
5140,15
5141,56
5142,137
5143,116
5144,125
5145,130
5146,109
5147,156
5148,189
5149,185
5150,258
5151,365
5152,367
5153,383
5154,325
5155,253
5156,408
5157,329
5158,347
5159,362
5160,384
5161,192
5162,40
5163,18
5164,22
5165,37
5166,109
5167,107
5168,92
5169,109
5170,118
5171,116
5172,206
5173,207
5174,305
5175,362
5176,344
5177,365
5178,319
5179,169
5180,186
5181,216
5182,312
5183,417
5184,327
5185,411
5186,289
5187,79
5188,26
5189,42
5190,111
5191,114
5192,121
5193,104
5194,156
5195,241
5196,214
5197,230
5198,341
5199,443
5200,397
5201,412
5202,353
5203,436
5204,436
5205,380
5206,438
5207,468
5208,292
5209,194
5210,132
5211,80
5212,65
5213,63
5214,137
5215,152
5216,184
5217,149
5218,187
5219,184
5220,260
5221,268
5222,257
5223,365
5224,439
5225,400
5226,367
5227,345
5228,397
5229,371
5230,364
5231,355
5232,265
5233,251
5234,68
5235,34
5236,17
5237,79
5238,96
5239,146
5240,109
5241,100
5242,127
5243,214
5244,208
5245,179
5246,238
5247,368
5248,330
5249,395
5250,344
5251,351
5252,333
5253,300
5254,265
5255,329
5256,261
5257,262
5258,231
5259,140
5260,56
5261,59
5262,102
5263,143
5264,89
5265,128
5266,132
5267,146
5268,229
5269,232
5270,308
5271,377
5272,431
5273,326
5274,345
5275,325
5276,296
5277,331
5278,346
5279,320
5280,212
5281,160
5282,66
5283,27
5284,40
5285,70
5286,108
5287,189
5288,106
5289,93
5290,84
5291,174
5292,185
5293,197
5294,261
5295,384
5296,308
5297,356
5298,355
5299,292
5300,278
5301,252
5302,304
5303,400
5304,315
5305,191
5306,64
5307,26
5308,45
5309,74
5310,106
5311,179
5312,109
5313,97
5314,89
5315,95
5316,197
5317,200
5318,267
5319,347
5320,410
5321,340
5322,323
5323,348
5324,302
5325,283
5326,301
5327,271
5328,233
5329,89
5330,35
5331,17
5332,14
5333,51
5334,126
5335,118
5336,88
5337,79
5338,85
5339,111
5340,185
5341,225
5342,310
5343,339
5344,346
5345,298
5346,335
5347,310
5348,370
5349,303
5350,327
5351,363
5352,184
5353,99
5354,44
5355,15
5356,13
5357,57
5358,104
5359,139
5360,79
5361,93
5362,129
5363,97
5364,265
5365,281
5366,344
5367,377
5368,443
5369,380
5370,353
5371,462
5372,375
5373,344
5374,388
5375,500
5376,276
5377,124
5378,78
5379,14
5380,38
5381,81
5382,151
5383,216
5384,89
5385,98
5386,127
5387,187
5388,225
5389,233
5390,361
5391,338
5392,394
5393,335
5394,361
5395,391
5396,417
5397,329
5398,404
5399,364
5400,188
5401,75
5402,74
5403,29
5404,18
5405,47
5406,114
5407,174
5408,106
5409,89
5410,84
5411,153
5412,171
5413,227
5414,281
5415,354
5416,406
5417,320
5418,301
5419,304
5420,333
5421,366
5422,305
5423,242
5424,184
5425,69
5426,24
5427,6
5428,8
5429,40
5430,93
5431,165
5432,117
5433,98
5434,109
5435,183
5436,192
5437,241
5438,293
5439,362
5440,325
5441,312
5442,330
5443,352
5444,313
5445,361
5446,310
5447,277
5448,186
5449,136
5450,33
5451,14
5452,11
5453,38
5454,103
5455,150
5456,111
5457,79
5458,106
5459,125
5460,192
5461,218
5462,301
5463,349
5464,402
5465,360
5466,381
5467,322
5468,353
5469,253
5470,320
5471,371
5472,199
5473,123
5474,42
5475,25
5476,19
5477,59
5478,96
5479,140
5480,120
5481,85
5482,89
5483,142
5484,210
5485,268
5486,319
5487,321
5488,413
5489,323
5490,369
5491,302
5492,282
5493,314
5494,302
5495,283
5496,248
5497,47
5498,32
5499,14
5500,13
5501,47
5502,96
5503,140
5504,108
5505,75
5506,84
5507,124
5508,208
5509,234
5510,331
5511,334
5512,399
5513,346
5514,319
5515,306
5516,384
5517,371
5518,346
5519,309
5520,241
5521,154
5522,64
5523,12
5524,11
5525,39
5526,130
5527,130
5528,128
5529,106
5530,133
5531,133
5532,296
5533,255
5534,385
5535,370
5536,289
5537,379
5538,433
5539,414
5540,452
5541,328
5542,408
5543,317
5544,391
5545,291
5546,264
5547,247
5548,108
5549,79
5550,194
5551,157
5552,158
5553,120
5554,144
5555,161
5556,320
5557,320
5558,236
5559,444
5560,465
5561,392
5562,410
5563,352
5564,344
5565,369
5566,377
5567,438
5568,281
5569,251
5570,79
5571,33
5572,22
5573,53
5574,118
5575,156
5576,120
5577,175
5578,139
5579,173
5580,194
5581,230
5582,324
5583,361
5584,410
5585,445
5586,386
5587,377
5588,355
5589,341
5590,340
5591,238
5592,214
5593,130
5594,35
5595,19
5596,28
5597,68
5598,163
5599,134
5600,125
5601,64
5602,142
5603,141
5604,209
5605,236
5606,309
5607,367
5608,382
5609,342
5610,360
5611,301
5612,372
5613,362
5614,321
5615,307
5616,296
5617,126
5618,24
5619,13
5620,14
5621,81
5622,139
5623,167
5624,110
5625,124
5626,131
5627,171
5628,195
5629,260
5630,336
5631,420
5632,388
5633,331
5634,393
5635,391
5636,379
5637,328
5638,369
5639,304
5640,275
5641,119
5642,53
5643,22
5644,37
5645,64
5646,141
5647,152
5648,99
5649,116
5650,146
5651,165
5652,207
5653,217
5654,344
5655,411
5656,383
5657,382
5658,382
5659,345
5660,287
5661,297
5662,358
5663,306
5664,231
5665,156
5666,42
5667,29
5668,9
5669,48
5670,88
5671,159
5672,125
5673,121
5674,126
5675,151
5676,226
5677,284
5678,329
5679,347
5680,445
5681,360
5682,376
5683,336
5684,351
5685,379
5686,365
5687,301
5688,232
5689,140
5690,54
5691,18
5692,5
5693,53
5694,171
5695,156
5696,133
5697,133
5698,106
5699,186
5700,230
5701,297
5702,333
5703,420
5704,458
5705,400
5706,396
5707,449
5708,391
5709,424
5710,463
5711,366
5712,306
5713,162
5714,58
5715,24
5716,60
5717,88
5718,225
5719,233
5720,230
5721,165
5722,153
5723,194
5724,196
5725,332
5726,350
5727,424
5728,494
5729,379
5730,391
5731,383
5732,483
5733,343
5734,353
5735,442
5736,231
5737,111
5738,25
5739,5
5740,10
5741,79
5742,165
5743,186
5744,185
5745,108
5746,127
5747,159
5748,189
5749,287
5750,335
5751,348
5752,424
5753,337
5754,311
5755,351
5756,350
5757,328
5758,318
5759,254
5760,197
5761,158
5762,37
5763,19
5764,19
5765,93
5766,126
5767,143
5768,180
5769,106
5770,147
5771,143
5772,193
5773,245
5774,364
5775,376
5776,468
5777,335
5778,320
5779,349
5780,347
5781,383
5782,371
5783,268
5784,287
5785,128
5786,34
5787,8
5788,29
5789,67
5790,129
5791,135
5792,161
5793,106
5794,141
5795,167
5796,207
5797,227
5798,323
5799,395
5800,429
5801,370
5802,352
5803,364
5804,429
5805,279
5806,295
5807,340
5808,195
5809,196
5810,72
5811,13
5812,23
5813,37
5814,74
5815,136
5816,192
5817,156
5818,150
5819,214
5820,219
5821,230
5822,327
5823,366
5824,451
5825,352
5826,413
5827,453
5828,266
5829,325
5830,313
5831,279
5832,187
5833,209
5834,53
5835,22
5836,17
5837,46
5838,92
5839,133
5840,154
5841,118
5842,142
5843,168
5844,211
5845,284
5846,304
5847,410
5848,369
5849,398
5850,332
5851,367
5852,330
5853,357
5854,391
5855,363
